--------------------------------------------------------
--  File created - Saturday-January-14-2023   
--------------------------------------------------------
--------------------------------------------------------
--  DDL for Sequence DEMO_CUST_SEQ
--------------------------------------------------------

   CREATE SEQUENCE  "ADMIN"."DEMO_CUST_SEQ"  MINVALUE 1 MAXVALUE 9999999999999999999999999999 INCREMENT BY 1 START WITH 21 CACHE 20 NOORDER  NOCYCLE ;
--------------------------------------------------------
--  DDL for Sequence DEMO_ORDER_ITEMS_SEQ
--------------------------------------------------------

   CREATE SEQUENCE  "ADMIN"."DEMO_ORDER_ITEMS_SEQ"  MINVALUE 1 MAXVALUE 9999999999999999999999999999 INCREMENT BY 1 START WITH 61 CACHE 20 NOORDER  NOCYCLE ;
--------------------------------------------------------
--  DDL for Sequence DEMO_ORD_SEQ
--------------------------------------------------------

   CREATE SEQUENCE  "ADMIN"."DEMO_ORD_SEQ"  MINVALUE 1 MAXVALUE 9999999999999999999999999999 INCREMENT BY 1 START WITH 11 CACHE 20 NOORDER  NOCYCLE ;
--------------------------------------------------------
--  DDL for Sequence DEMO_PROD_SEQ
--------------------------------------------------------

   CREATE SEQUENCE  "ADMIN"."DEMO_PROD_SEQ"  MINVALUE 1 MAXVALUE 9999999999999999999999999999 INCREMENT BY 1 START WITH 21 CACHE 20 NOORDER  NOCYCLE ;
--------------------------------------------------------
--  DDL for Sequence DEMO_USERS_SEQ
--------------------------------------------------------

   CREATE SEQUENCE  "ADMIN"."DEMO_USERS_SEQ"  MINVALUE 1 MAXVALUE 9999999999999999999999999999 INCREMENT BY 1 START WITH 21 CACHE 20 NOORDER  NOCYCLE ;
--------------------------------------------------------
--  DDL for Table ADDRESS
--------------------------------------------------------

  CREATE TABLE "ADMIN"."ADDRESS" 
   (	"ADDRESS_ID" VARCHAR2(100 CHAR), 
	"ADDRESS_LINE" VARCHAR2(500 CHAR), 
	"CITY" VARCHAR2(50 CHAR), 
	"state" VARCHAR2(50 CHAR), 
	"POSTAL_CODE" VARCHAR2(10 CHAR)
   ) SEGMENT CREATION IMMEDIATE 
  PCTFREE 10 PCTUSED 40 INITRANS 1 MAXTRANS 255 NOCOMPRESS LOGGING
  STORAGE(INITIAL 65536 NEXT 1048576 MINEXTENTS 1 MAXEXTENTS 2147483645
  PCTINCREASE 0 FREELISTS 1 FREELIST GROUPS 1 BUFFER_POOL DEFAULT FLASH_CACHE DEFAULT CELL_FLASH_CACHE DEFAULT)
  TABLESPACE "USERS" ;
--------------------------------------------------------
--  DDL for Table CUSTOMER_SERVICE
--------------------------------------------------------

  CREATE TABLE "ADMIN"."CUSTOMER_SERVICE" 
   (	"CUSTOMER_SERVICE_ID" VARCHAR2(100 CHAR), 
	"SERVICE_ID" VARCHAR2(10 CHAR), 
	"CUSTOMER_ID" VARCHAR2(100 CHAR), 
	"PAYMENT_ID" VARCHAR2(100 CHAR), 
	"STAFF_ID" VARCHAR2(20 CHAR), 
	"CUSTOMER_SERVICE_DATETIME" DATE
   ) SEGMENT CREATION IMMEDIATE 
  PCTFREE 10 PCTUSED 40 INITRANS 1 MAXTRANS 255 NOCOMPRESS LOGGING
  STORAGE(INITIAL 65536 NEXT 1048576 MINEXTENTS 1 MAXEXTENTS 2147483645
  PCTINCREASE 0 FREELISTS 1 FREELIST GROUPS 1 BUFFER_POOL DEFAULT FLASH_CACHE DEFAULT CELL_FLASH_CACHE DEFAULT)
  TABLESPACE "USERS" ;
--------------------------------------------------------
--  DDL for Table DELIVERY_PICKUP
--------------------------------------------------------

  CREATE TABLE "ADMIN"."DELIVERY_PICKUP" 
   (	"PICKUP_ID" VARCHAR2(100 CHAR), 
	"PICKUP_STAFF_ID" VARCHAR2(50 CHAR), 
	"PICKUP_DATETIME" DATE, 
	"VEHICLE_PLATE_NUMBER" VARCHAR2(20 CHAR)
   ) SEGMENT CREATION IMMEDIATE 
  PCTFREE 10 PCTUSED 40 INITRANS 1 MAXTRANS 255 NOCOMPRESS LOGGING
  STORAGE(INITIAL 65536 NEXT 1048576 MINEXTENTS 1 MAXEXTENTS 2147483645
  PCTINCREASE 0 FREELISTS 1 FREELIST GROUPS 1 BUFFER_POOL DEFAULT FLASH_CACHE DEFAULT CELL_FLASH_CACHE DEFAULT)
  TABLESPACE "USERS" ;
--------------------------------------------------------
--  DDL for Table INVENTORY
--------------------------------------------------------

  CREATE TABLE "ADMIN"."INVENTORY" 
   (	"ITEM_ID" VARCHAR2(10 CHAR), 
	"ITEM_NAME" VARCHAR2(100 CHAR), 
	"ITEM_QUANTITY" NUMBER(*,0)
   ) SEGMENT CREATION IMMEDIATE 
  PCTFREE 10 PCTUSED 40 INITRANS 1 MAXTRANS 255 NOCOMPRESS LOGGING
  STORAGE(INITIAL 65536 NEXT 1048576 MINEXTENTS 1 MAXEXTENTS 2147483645
  PCTINCREASE 0 FREELISTS 1 FREELIST GROUPS 1 BUFFER_POOL DEFAULT FLASH_CACHE DEFAULT CELL_FLASH_CACHE DEFAULT)
  TABLESPACE "USERS" ;
--------------------------------------------------------
--  DDL for Table PARCEL
--------------------------------------------------------

  CREATE TABLE "ADMIN"."PARCEL" 
   (	"PARCEL_TRACKING_ID" VARCHAR2(100 CHAR), 
	"PARCEL_ITEM" VARCHAR2(500 CHAR), 
	"PARCEL_WEIGHT" FLOAT(126), 
	"PARCEL_HEIGHT" FLOAT(126), 
	"PARCEL_WIDTH" FLOAT(126), 
	"PARCEL_LENGTH" FLOAT(126), 
	"PARCEL_STATUS" VARCHAR2(20 CHAR), 
	"DELIVERY_INFO_ID" VARCHAR2(100 CHAR), 
	"PICKUP_ID" VARCHAR2(100 CHAR)
   ) SEGMENT CREATION IMMEDIATE 
  PCTFREE 10 PCTUSED 40 INITRANS 1 MAXTRANS 255 NOCOMPRESS LOGGING
  STORAGE(INITIAL 65536 NEXT 1048576 MINEXTENTS 1 MAXEXTENTS 2147483645
  PCTINCREASE 0 FREELISTS 1 FREELIST GROUPS 1 BUFFER_POOL DEFAULT FLASH_CACHE DEFAULT CELL_FLASH_CACHE DEFAULT)
  TABLESPACE "USERS" ;
--------------------------------------------------------
--  DDL for Table PARCEL_DELIVERY_INFO
--------------------------------------------------------

  CREATE TABLE "ADMIN"."PARCEL_DELIVERY_INFO" 
   (	"DELIVERY_INFO_ID" VARCHAR2(100 CHAR), 
	"SENDER_ADDRESS_ID" VARCHAR2(100 CHAR), 
	"RECIPIENT_ID" VARCHAR2(100 CHAR), 
	"RECIPIENT_ADDRESS_ID" VARCHAR2(100 CHAR), 
	"CUSTOMER_SERVICE_ID" VARCHAR2(100 CHAR)
   ) SEGMENT CREATION IMMEDIATE 
  PCTFREE 10 PCTUSED 40 INITRANS 1 MAXTRANS 255 NOCOMPRESS LOGGING
  STORAGE(INITIAL 65536 NEXT 1048576 MINEXTENTS 1 MAXEXTENTS 2147483645
  PCTINCREASE 0 FREELISTS 1 FREELIST GROUPS 1 BUFFER_POOL DEFAULT FLASH_CACHE DEFAULT CELL_FLASH_CACHE DEFAULT)
  TABLESPACE "USERS" ;
--------------------------------------------------------
--  DDL for Table PAYMENT
--------------------------------------------------------

  CREATE TABLE "ADMIN"."PAYMENT" 
   (	"PAYMENT_ID" VARCHAR2(100 CHAR), 
	"PAYMENT_METHOD" VARCHAR2(50 CHAR), 
	"PAYMENT_AMOUNT" FLOAT(126), 
	"PAYMENT_TRANSACTION_STATUS" VARCHAR2(20 CHAR)
   ) SEGMENT CREATION IMMEDIATE 
  PCTFREE 10 PCTUSED 40 INITRANS 1 MAXTRANS 255 NOCOMPRESS LOGGING
  STORAGE(INITIAL 65536 NEXT 1048576 MINEXTENTS 1 MAXEXTENTS 2147483645
  PCTINCREASE 0 FREELISTS 1 FREELIST GROUPS 1 BUFFER_POOL DEFAULT FLASH_CACHE DEFAULT CELL_FLASH_CACHE DEFAULT)
  TABLESPACE "USERS" ;
--------------------------------------------------------
--  DDL for Table PERSON
--------------------------------------------------------

  CREATE TABLE "ADMIN"."PERSON" 
   (	"PERSON_ID" VARCHAR2(100 CHAR), 
	"PERSON_NAME" VARCHAR2(100 CHAR), 
	"PERSON_PHONE_NO" VARCHAR2(20 CHAR), 
	"PERSON_EMAIL" VARCHAR2(100 CHAR)
   ) SEGMENT CREATION IMMEDIATE 
  PCTFREE 10 PCTUSED 40 INITRANS 1 MAXTRANS 255 NOCOMPRESS LOGGING
  STORAGE(INITIAL 65536 NEXT 1048576 MINEXTENTS 1 MAXEXTENTS 2147483645
  PCTINCREASE 0 FREELISTS 1 FREELIST GROUPS 1 BUFFER_POOL DEFAULT FLASH_CACHE DEFAULT CELL_FLASH_CACHE DEFAULT)
  TABLESPACE "USERS" ;
--------------------------------------------------------
--  DDL for Table PERSON_ADDRESS
--------------------------------------------------------

  CREATE TABLE "ADMIN"."PERSON_ADDRESS" 
   (	"PERSON_ID" VARCHAR2(100 CHAR), 
	"ADDRESS_ID" VARCHAR2(100 CHAR)
   ) SEGMENT CREATION IMMEDIATE 
  PCTFREE 10 PCTUSED 40 INITRANS 1 MAXTRANS 255 NOCOMPRESS LOGGING
  STORAGE(INITIAL 65536 NEXT 1048576 MINEXTENTS 1 MAXEXTENTS 2147483645
  PCTINCREASE 0 FREELISTS 1 FREELIST GROUPS 1 BUFFER_POOL DEFAULT FLASH_CACHE DEFAULT CELL_FLASH_CACHE DEFAULT)
  TABLESPACE "USERS" ;
--------------------------------------------------------
--  DDL for Table PICKUP_STAFF
--------------------------------------------------------

  CREATE TABLE "ADMIN"."PICKUP_STAFF" 
   (	"PICKUP_STAFF_ID" VARCHAR2(50 CHAR), 
	"PICKUP_STAFF_NAME" VARCHAR2(100 CHAR), 
	"PICKUP_COMPANY" VARCHAR2(100 CHAR)
   ) SEGMENT CREATION IMMEDIATE 
  PCTFREE 10 PCTUSED 40 INITRANS 1 MAXTRANS 255 NOCOMPRESS LOGGING
  STORAGE(INITIAL 65536 NEXT 1048576 MINEXTENTS 1 MAXEXTENTS 2147483645
  PCTINCREASE 0 FREELISTS 1 FREELIST GROUPS 1 BUFFER_POOL DEFAULT FLASH_CACHE DEFAULT CELL_FLASH_CACHE DEFAULT)
  TABLESPACE "USERS" ;
--------------------------------------------------------
--  DDL for Table POSITION
--------------------------------------------------------

  CREATE TABLE "ADMIN"."POSITION" 
   (	"POSITION_ID" VARCHAR2(10 CHAR), 
	"POSITION_NAME" VARCHAR2(50 CHAR), 
	"POSITION_DESCRIPTION" VARCHAR2(500 CHAR), 
	"BASE_RATE" FLOAT(126), 
	"OVERTIME_RATE" FLOAT(126)
   ) SEGMENT CREATION IMMEDIATE 
  PCTFREE 10 PCTUSED 40 INITRANS 1 MAXTRANS 255 NOCOMPRESS LOGGING
  STORAGE(INITIAL 65536 NEXT 1048576 MINEXTENTS 1 MAXEXTENTS 2147483645
  PCTINCREASE 0 FREELISTS 1 FREELIST GROUPS 1 BUFFER_POOL DEFAULT FLASH_CACHE DEFAULT CELL_FLASH_CACHE DEFAULT)
  TABLESPACE "USERS" ;
--------------------------------------------------------
--  DDL for Table RECEIPT
--------------------------------------------------------

  CREATE TABLE "ADMIN"."RECEIPT" 
   (	"RECEIPT_ID" VARCHAR2(100 CHAR), 
	"RECEIPT_DATETIME" DATE, 
	"PAYMENT_ID" VARCHAR2(100 CHAR)
   ) SEGMENT CREATION IMMEDIATE 
  PCTFREE 10 PCTUSED 40 INITRANS 1 MAXTRANS 255 NOCOMPRESS LOGGING
  STORAGE(INITIAL 65536 NEXT 1048576 MINEXTENTS 1 MAXEXTENTS 2147483645
  PCTINCREASE 0 FREELISTS 1 FREELIST GROUPS 1 BUFFER_POOL DEFAULT FLASH_CACHE DEFAULT CELL_FLASH_CACHE DEFAULT)
  TABLESPACE "USERS" ;
--------------------------------------------------------
--  DDL for Table SERVICE
--------------------------------------------------------

  CREATE TABLE "ADMIN"."SERVICE" 
   (	"SERVICE_ID" VARCHAR2(10 CHAR), 
	"SERVICE_NAME" VARCHAR2(50 CHAR), 
	"SERVICE_DESCRIPTION" VARCHAR2(500 CHAR)
   ) SEGMENT CREATION IMMEDIATE 
  PCTFREE 10 PCTUSED 40 INITRANS 1 MAXTRANS 255 NOCOMPRESS LOGGING
  STORAGE(INITIAL 65536 NEXT 1048576 MINEXTENTS 1 MAXEXTENTS 2147483645
  PCTINCREASE 0 FREELISTS 1 FREELIST GROUPS 1 BUFFER_POOL DEFAULT FLASH_CACHE DEFAULT CELL_FLASH_CACHE DEFAULT)
  TABLESPACE "USERS" ;
--------------------------------------------------------
--  DDL for Table STAFF
--------------------------------------------------------

  CREATE TABLE "ADMIN"."STAFF" 
   (	"STAFF_ID" VARCHAR2(20 CHAR), 
	"STAFF_NAME" VARCHAR2(100 CHAR), 
	"STAFF_DOB" DATE, 
	"STAFF_EMAIL" VARCHAR2(100 CHAR), 
	"STAFF_PHONE_NO" VARCHAR2(20 CHAR), 
	"STAFF_ADDRESS_ID" VARCHAR2(50 CHAR), 
	"POSITION_ID" VARCHAR2(10 CHAR)
   ) SEGMENT CREATION IMMEDIATE 
  PCTFREE 10 PCTUSED 40 INITRANS 1 MAXTRANS 255 NOCOMPRESS LOGGING
  STORAGE(INITIAL 65536 NEXT 1048576 MINEXTENTS 1 MAXEXTENTS 2147483645
  PCTINCREASE 0 FREELISTS 1 FREELIST GROUPS 1 BUFFER_POOL DEFAULT FLASH_CACHE DEFAULT CELL_FLASH_CACHE DEFAULT)
  TABLESPACE "USERS" ;
--------------------------------------------------------
--  DDL for Table SUPPLIER
--------------------------------------------------------

  CREATE TABLE "ADMIN"."SUPPLIER" 
   (	"SUPPLIER_ID" VARCHAR2(10 CHAR), 
	"SUPPLIER_NAME" VARCHAR2(100 CHAR), 
	"SUPPLIER_ADDRESS_ID" VARCHAR2(50 CHAR), 
	"SUPPLIER_PIC_ID" VARCHAR2(10 CHAR)
   ) SEGMENT CREATION IMMEDIATE 
  PCTFREE 10 PCTUSED 40 INITRANS 1 MAXTRANS 255 NOCOMPRESS LOGGING
  STORAGE(INITIAL 65536 NEXT 1048576 MINEXTENTS 1 MAXEXTENTS 2147483645
  PCTINCREASE 0 FREELISTS 1 FREELIST GROUPS 1 BUFFER_POOL DEFAULT FLASH_CACHE DEFAULT CELL_FLASH_CACHE DEFAULT)
  TABLESPACE "USERS" ;
--------------------------------------------------------
--  DDL for Table SUPPLIER_CONTRACT
--------------------------------------------------------

  CREATE TABLE "ADMIN"."SUPPLIER_CONTRACT" 
   (	"CONTRACT_ID" VARCHAR2(10 BYTE), 
	"CONTRACT_DESCRIPTION" VARCHAR2(2000 CHAR), 
	"CONTRACT_START_DATE" DATE, 
	"CONTRACT_END_DATE" DATE, 
	"SUPPLIER_ID" VARCHAR2(10 CHAR)
   ) SEGMENT CREATION IMMEDIATE 
  PCTFREE 10 PCTUSED 40 INITRANS 1 MAXTRANS 255 NOCOMPRESS LOGGING
  STORAGE(INITIAL 65536 NEXT 1048576 MINEXTENTS 1 MAXEXTENTS 2147483645
  PCTINCREASE 0 FREELISTS 1 FREELIST GROUPS 1 BUFFER_POOL DEFAULT FLASH_CACHE DEFAULT CELL_FLASH_CACHE DEFAULT)
  TABLESPACE "USERS" ;
--------------------------------------------------------
--  DDL for Table SUPPLIER_ORDER
--------------------------------------------------------

  CREATE TABLE "ADMIN"."SUPPLIER_ORDER" 
   (	"SUPPLIER_ORDER_ID" VARCHAR2(50 CHAR), 
	"ITEM_ID" VARCHAR2(50 CHAR), 
	"SUPPLIER_ID" VARCHAR2(10 CHAR), 
	"SUPPLIER_ORDER_TOTAL_PRICE" FLOAT(126), 
	"SUPPLIER_ORDER_STATUS" VARCHAR2(20 CHAR), 
	"SUPPLIER_ORDER_DATE" DATE, 
	"SUPPLIER_ORDER_AMOUNT" NUMBER(*,0)
   ) SEGMENT CREATION IMMEDIATE 
  PCTFREE 10 PCTUSED 40 INITRANS 1 MAXTRANS 255 NOCOMPRESS LOGGING
  STORAGE(INITIAL 65536 NEXT 1048576 MINEXTENTS 1 MAXEXTENTS 2147483645
  PCTINCREASE 0 FREELISTS 1 FREELIST GROUPS 1 BUFFER_POOL DEFAULT FLASH_CACHE DEFAULT CELL_FLASH_CACHE DEFAULT)
  TABLESPACE "USERS" ;
--------------------------------------------------------
--  DDL for Table SUPPLIER_PIC
--------------------------------------------------------

  CREATE TABLE "ADMIN"."SUPPLIER_PIC" 
   (	"SUPPLIER_PIC_ID" VARCHAR2(10 CHAR), 
	"SUPPLIER_PIC_NAME" VARCHAR2(100 CHAR), 
	"SUPPLIER_PIC_PHONE_NO" VARCHAR2(30 CHAR)
   ) SEGMENT CREATION IMMEDIATE 
  PCTFREE 10 PCTUSED 40 INITRANS 1 MAXTRANS 255 NOCOMPRESS LOGGING
  STORAGE(INITIAL 65536 NEXT 1048576 MINEXTENTS 1 MAXEXTENTS 2147483645
  PCTINCREASE 0 FREELISTS 1 FREELIST GROUPS 1 BUFFER_POOL DEFAULT FLASH_CACHE DEFAULT CELL_FLASH_CACHE DEFAULT)
  TABLESPACE "USERS" ;
--------------------------------------------------------
--  DDL for Table WORK_TIME
--------------------------------------------------------

  CREATE TABLE "ADMIN"."WORK_TIME" 
   (	"WORK_DATE" DATE, 
	"STAFF_ID" VARCHAR2(20 CHAR), 
	"CHECK_IN_TIME" INTERVAL DAY (0) TO SECOND (0), 
	"CHECK_OUT_TIME" INTERVAL DAY (0) TO SECOND (0)
   ) SEGMENT CREATION IMMEDIATE 
  PCTFREE 10 PCTUSED 40 INITRANS 1 MAXTRANS 255 NOCOMPRESS LOGGING
  STORAGE(INITIAL 65536 NEXT 1048576 MINEXTENTS 1 MAXEXTENTS 2147483645
  PCTINCREASE 0 FREELISTS 1 FREELIST GROUPS 1 BUFFER_POOL DEFAULT FLASH_CACHE DEFAULT CELL_FLASH_CACHE DEFAULT)
  TABLESPACE "USERS" ;
REM INSERTING into ADMIN.ADDRESS
SET DEFINE OFF;
Insert into ADMIN.ADDRESS (ADDRESS_ID,ADDRESS_LINE,CITY,"state",POSTAL_CODE) values ('ADD0001','1, Jalan 1/1O, Bandar Bukit Aman','Pasir Gudang','Johor','85695');
Insert into ADMIN.ADDRESS (ADDRESS_ID,ADDRESS_LINE,CITY,"state",POSTAL_CODE) values ('ADD0002','2, Jalan 1/1O, Bandar Bukit Aman','Pasir Gudang','Johor','85695');
Insert into ADMIN.ADDRESS (ADDRESS_ID,ADDRESS_LINE,CITY,"state",POSTAL_CODE) values ('ADD0003','3, Jalan 1/1O, Bandar Bukit Aman','Pasir Gudang','Johor','85695');
Insert into ADMIN.ADDRESS (ADDRESS_ID,ADDRESS_LINE,CITY,"state",POSTAL_CODE) values ('ADD0004','4, Jalan 1/1O, Bandar Bukit Aman','Pasir Gudang','Johor','85695');
Insert into ADMIN.ADDRESS (ADDRESS_ID,ADDRESS_LINE,CITY,"state",POSTAL_CODE) values ('ADD0005','5, Jalan 1/1O, Bandar Bukit Aman','Pasir Gudang','Johor','85695');
Insert into ADMIN.ADDRESS (ADDRESS_ID,ADDRESS_LINE,CITY,"state",POSTAL_CODE) values ('ADD0006','6, Jalan 1/1O, Bandar Bukit Aman','Pasir Gudang','Johor','85695');
Insert into ADMIN.ADDRESS (ADDRESS_ID,ADDRESS_LINE,CITY,"state",POSTAL_CODE) values ('ADD0007','7, Jalan 1/1O, Bandar Bukit Aman','Pasir Gudang','Johor','85695');
Insert into ADMIN.ADDRESS (ADDRESS_ID,ADDRESS_LINE,CITY,"state",POSTAL_CODE) values ('ADD0008','8, Jalan 1/1O, Bandar Bukit Aman','Pasir Gudang','Johor','85695');
Insert into ADMIN.ADDRESS (ADDRESS_ID,ADDRESS_LINE,CITY,"state",POSTAL_CODE) values ('ADD1001','58, Jalan Sutera 10, Taman Putra','Kuala Lumpur','WPKL','52000');
Insert into ADMIN.ADDRESS (ADDRESS_ID,ADDRESS_LINE,CITY,"state",POSTAL_CODE) values ('ADD1002','31, Jalan Jintan, Taman Supreme','Kuala Lumpur','WPKL','56100');
Insert into ADMIN.ADDRESS (ADDRESS_ID,ADDRESS_LINE,CITY,"state",POSTAL_CODE) values ('ADD1003','17, Jalan Aman 2, Taman Pelangi','Bangi','Selangor','43000');
Insert into ADMIN.ADDRESS (ADDRESS_ID,ADDRESS_LINE,CITY,"state",POSTAL_CODE) values ('ADD1004','67, Jalan 8/9R, USJ 77J','Layang-Layang','Labuan','87021');
Insert into ADMIN.ADDRESS (ADDRESS_ID,ADDRESS_LINE,CITY,"state",POSTAL_CODE) values ('ADD1005','5-8, Jln 4/5H, Bandar Jasa','Precinct 12','Putrajaya','62404');
Insert into ADMIN.ADDRESS (ADDRESS_ID,ADDRESS_LINE,CITY,"state",POSTAL_CODE) values ('ADD1006','P-93-24, Jln Sultan Azlan Shah 6/1T, Taman Sungai Besi','Engkilili','Sarawak','94897');
Insert into ADMIN.ADDRESS (ADDRESS_ID,ADDRESS_LINE,CITY,"state",POSTAL_CODE) values ('ADD1007','4N-85, Jln Tun Ismail 4/60, Kampung Baru Ria','Lenggeng','Negeri Sembilan','70951');
Insert into ADMIN.ADDRESS (ADDRESS_ID,ADDRESS_LINE,CITY,"state",POSTAL_CODE) values ('ADD1008','No. 42, Jalan 4, Lembah Razak','Georgetown','Pulau Pinang','12010');
Insert into ADMIN.ADDRESS (ADDRESS_ID,ADDRESS_LINE,CITY,"state",POSTAL_CODE) values ('ADD1009','5, Jalan Tasek 52, Bandar Sri Alam','Masai','Johor','81750');
Insert into ADMIN.ADDRESS (ADDRESS_ID,ADDRESS_LINE,CITY,"state",POSTAL_CODE) values ('ADD1010','10, Jalan Utas 15/7, Seksyen 15','Shah Alam','Selangor','40000');
Insert into ADMIN.ADDRESS (ADDRESS_ID,ADDRESS_LINE,CITY,"state",POSTAL_CODE) values ('ADD1011','3003, Jalan Morsjaya 2, Taman Atas','Miri','Sarawak','98000');
Insert into ADMIN.ADDRESS (ADDRESS_ID,ADDRESS_LINE,CITY,"state",POSTAL_CODE) values ('ADD1012','45, Jalan Ibrahim, Taman Pokok','Johor Bahru','Johor','80000');
Insert into ADMIN.ADDRESS (ADDRESS_ID,ADDRESS_LINE,CITY,"state",POSTAL_CODE) values ('ADD1013','No. 3, Jln 5X, Taman Melawati','Papar','Sabah','89825');
Insert into ADMIN.ADDRESS (ADDRESS_ID,ADDRESS_LINE,CITY,"state",POSTAL_CODE) values ('ADD1014','No. 49, Jalan Selamat, Seksyen 44V','Tapah','Perak','31874');
Insert into ADMIN.ADDRESS (ADDRESS_ID,ADDRESS_LINE,CITY,"state",POSTAL_CODE) values ('ADD1015','No. 6, Jln 7/68, Bandar Bukit Country Heightsn','Linggi','Negeri Sembilan','72576');
Insert into ADMIN.ADDRESS (ADDRESS_ID,ADDRESS_LINE,CITY,"state",POSTAL_CODE) values ('ADD1016','No. 25, Jln Selamat 7E, Bukit Country Heights','Hutan Melintang','Perak','33506');
Insert into ADMIN.ADDRESS (ADDRESS_ID,ADDRESS_LINE,CITY,"state",POSTAL_CODE) values ('ADD1017','26, Jln Tun Abdul Razak 3/6R, Bandar Sri Timur','Bachok','Kelantan','17919');
Insert into ADMIN.ADDRESS (ADDRESS_ID,ADDRESS_LINE,CITY,"state",POSTAL_CODE) values ('ADD1018','No. 6, Jln 3, USJ 1','Mont Kiara','WPKL','59610');
Insert into ADMIN.ADDRESS (ADDRESS_ID,ADDRESS_LINE,CITY,"state",POSTAL_CODE) values ('ADD1019','No. 5, Jln Tan Cheng Lock 7/25, Taman Selatan','Batu Manikar','Labuan','87017');
Insert into ADMIN.ADDRESS (ADDRESS_ID,ADDRESS_LINE,CITY,"state",POSTAL_CODE) values ('ADD1020','415, Lorong 7V, Taman Selamat','Wakaf Bharu','Kelantan','15207');
Insert into ADMIN.ADDRESS (ADDRESS_ID,ADDRESS_LINE,CITY,"state",POSTAL_CODE) values ('ADD1021','71, Lorong Pudu Lama 3, Taman Utama','Arau','Perlis','01560');
Insert into ADMIN.ADDRESS (ADDRESS_ID,ADDRESS_LINE,CITY,"state",POSTAL_CODE) values ('ADD1099','No. 11, Jalan Petaling 3/44H, Taman Desa Meru','Pontian Kechil','Johor','79404');
Insert into ADMIN.ADDRESS (ADDRESS_ID,ADDRESS_LINE,CITY,"state",POSTAL_CODE) values ('ADD1022','Plo 225, Jalan Tembaga Satu','Pasir Gudang','Johor','81700');
Insert into ADMIN.ADDRESS (ADDRESS_ID,ADDRESS_LINE,CITY,"state",POSTAL_CODE) values ('ADD1085','A-7-9, PPR Kota Bharu, Jalan A2, Taman Ceria','Kota Bharu','Kelantan','15200');
REM INSERTING into ADMIN.CUSTOMER_SERVICE
SET DEFINE OFF;
Insert into ADMIN.CUSTOMER_SERVICE (CUSTOMER_SERVICE_ID,SERVICE_ID,CUSTOMER_ID,PAYMENT_ID,STAFF_ID,CUSTOMER_SERVICE_DATETIME) values ('C0001','SERV06','PA0001','PAY0001','STF0001',to_date('31/07/2022 12:15:31','DD/MM/RRRR HH24:MI:SS'));
Insert into ADMIN.CUSTOMER_SERVICE (CUSTOMER_SERVICE_ID,SERVICE_ID,CUSTOMER_ID,PAYMENT_ID,STAFF_ID,CUSTOMER_SERVICE_DATETIME) values ('C0002','SERV06','PA0002','PAY0002','STF0001',to_date('31/07/2022 12:18:31','DD/MM/RRRR HH24:MI:SS'));
Insert into ADMIN.CUSTOMER_SERVICE (CUSTOMER_SERVICE_ID,SERVICE_ID,CUSTOMER_ID,PAYMENT_ID,STAFF_ID,CUSTOMER_SERVICE_DATETIME) values ('C0003','SERV06','PA0003','PAY0003','STF0002',to_date('03/08/2022 13:52:25','DD/MM/RRRR HH24:MI:SS'));
Insert into ADMIN.CUSTOMER_SERVICE (CUSTOMER_SERVICE_ID,SERVICE_ID,CUSTOMER_ID,PAYMENT_ID,STAFF_ID,CUSTOMER_SERVICE_DATETIME) values ('C0004','SERV06','PA0004','PAY0004','STF0003',to_date('10/08/2022 14:23:43','DD/MM/RRRR HH24:MI:SS'));
Insert into ADMIN.CUSTOMER_SERVICE (CUSTOMER_SERVICE_ID,SERVICE_ID,CUSTOMER_ID,PAYMENT_ID,STAFF_ID,CUSTOMER_SERVICE_DATETIME) values ('C0005','SERV06','PA0005','PAY0005','STF0003',to_date('21/08/2022 15:51:21','DD/MM/RRRR HH24:MI:SS'));
Insert into ADMIN.CUSTOMER_SERVICE (CUSTOMER_SERVICE_ID,SERVICE_ID,CUSTOMER_ID,PAYMENT_ID,STAFF_ID,CUSTOMER_SERVICE_DATETIME) values ('C0006','SERV06','PA0006','PAY0006','STF0006',to_date('17/08/2022 14:12:56','DD/MM/RRRR HH24:MI:SS'));
Insert into ADMIN.CUSTOMER_SERVICE (CUSTOMER_SERVICE_ID,SERVICE_ID,CUSTOMER_ID,PAYMENT_ID,STAFF_ID,CUSTOMER_SERVICE_DATETIME) values ('C0007','SERV06','PA0007','PAY0007','STF0002',to_date('20/08/2022 16:41:30','DD/MM/RRRR HH24:MI:SS'));
Insert into ADMIN.CUSTOMER_SERVICE (CUSTOMER_SERVICE_ID,SERVICE_ID,CUSTOMER_ID,PAYMENT_ID,STAFF_ID,CUSTOMER_SERVICE_DATETIME) values ('C0008','SERV06','PA0008','PAY0008','STF0001',to_date('21/08/2022 10:32:39','DD/MM/RRRR HH24:MI:SS'));
Insert into ADMIN.CUSTOMER_SERVICE (CUSTOMER_SERVICE_ID,SERVICE_ID,CUSTOMER_ID,PAYMENT_ID,STAFF_ID,CUSTOMER_SERVICE_DATETIME) values ('C0009','SERV06','PA0001','PAY0009','STF0001',to_date('10/09/2022 11:58:29','DD/MM/RRRR HH24:MI:SS'));
Insert into ADMIN.CUSTOMER_SERVICE (CUSTOMER_SERVICE_ID,SERVICE_ID,CUSTOMER_ID,PAYMENT_ID,STAFF_ID,CUSTOMER_SERVICE_DATETIME) values ('C0010','SERV05','PA0005','PAY0010','STF0001',to_date('10/09/2022 12:03:39','DD/MM/RRRR HH24:MI:SS'));
Insert into ADMIN.CUSTOMER_SERVICE (CUSTOMER_SERVICE_ID,SERVICE_ID,CUSTOMER_ID,PAYMENT_ID,STAFF_ID,CUSTOMER_SERVICE_DATETIME) values ('C0011','SERV01','PA0008','PAY0011','STF0003',to_date('13/09/2022 13:47:56','DD/MM/RRRR HH24:MI:SS'));
Insert into ADMIN.CUSTOMER_SERVICE (CUSTOMER_SERVICE_ID,SERVICE_ID,CUSTOMER_ID,PAYMENT_ID,STAFF_ID,CUSTOMER_SERVICE_DATETIME) values ('C0012','SERV05','PA0004','PAY0012','STF0003',to_date('13/09/2022 13:50:28','DD/MM/RRRR HH24:MI:SS'));
Insert into ADMIN.CUSTOMER_SERVICE (CUSTOMER_SERVICE_ID,SERVICE_ID,CUSTOMER_ID,PAYMENT_ID,STAFF_ID,CUSTOMER_SERVICE_DATETIME) values ('C0013','SERV04','PA0003','PAY0013','STF0003',to_date('13/09/2022 13:52:29','DD/MM/RRRR HH24:MI:SS'));
Insert into ADMIN.CUSTOMER_SERVICE (CUSTOMER_SERVICE_ID,SERVICE_ID,CUSTOMER_ID,PAYMENT_ID,STAFF_ID,CUSTOMER_SERVICE_DATETIME) values ('C0014','SERV03','PA0005','PAY0014','STF0003',to_date('13/09/2022 13:53:47','DD/MM/RRRR HH24:MI:SS'));
REM INSERTING into ADMIN.DELIVERY_PICKUP
SET DEFINE OFF;
Insert into ADMIN.DELIVERY_PICKUP (PICKUP_ID,PICKUP_STAFF_ID,PICKUP_DATETIME,VEHICLE_PLATE_NUMBER) values ('P0001','PSF0001',to_date('08/08/2022 11:11:11','DD/MM/RRRR HH24:MI:SS'),'RAA6888');
Insert into ADMIN.DELIVERY_PICKUP (PICKUP_ID,PICKUP_STAFF_ID,PICKUP_DATETIME,VEHICLE_PLATE_NUMBER) values ('P0002','PSF0001',to_date('08/08/2022 17:42:30','DD/MM/RRRR HH24:MI:SS'),'RAA6888');
Insert into ADMIN.DELIVERY_PICKUP (PICKUP_ID,PICKUP_STAFF_ID,PICKUP_DATETIME,VEHICLE_PLATE_NUMBER) values ('P0003','PSF0002',to_date('08/08/2022 11:11:11','DD/MM/RRRR HH24:MI:SS'),'PEA1234');
Insert into ADMIN.DELIVERY_PICKUP (PICKUP_ID,PICKUP_STAFF_ID,PICKUP_DATETIME,VEHICLE_PLATE_NUMBER) values ('P0004','PSF0003',to_date('29/08/2022 13:56:22','DD/MM/RRRR HH24:MI:SS'),'WVA9012');
Insert into ADMIN.DELIVERY_PICKUP (PICKUP_ID,PICKUP_STAFF_ID,PICKUP_DATETIME,VEHICLE_PLATE_NUMBER) values ('P0005','PSF0004',to_date('03/09/2022 14:25:38','DD/MM/RRRR HH24:MI:SS'),'TEV5921');
Insert into ADMIN.DELIVERY_PICKUP (PICKUP_ID,PICKUP_STAFF_ID,PICKUP_DATETIME,VEHICLE_PLATE_NUMBER) values ('P0006','PSF0005',to_date('08/09/2022 12:56:41','DD/MM/RRRR HH24:MI:SS'),'JPP5925');
Insert into ADMIN.DELIVERY_PICKUP (PICKUP_ID,PICKUP_STAFF_ID,PICKUP_DATETIME,VEHICLE_PLATE_NUMBER) values ('P0007','PSF0003',to_date('18/09/2022 14:16:38','DD/MM/RRRR HH24:MI:SS'),'WLF6063');
Insert into ADMIN.DELIVERY_PICKUP (PICKUP_ID,PICKUP_STAFF_ID,PICKUP_DATETIME,VEHICLE_PLATE_NUMBER) values ('P0008','PSF0003',to_date('30/09/2022 13:14:20','DD/MM/RRRR HH24:MI:SS'),'WLF6063');
Insert into ADMIN.DELIVERY_PICKUP (PICKUP_ID,PICKUP_STAFF_ID,PICKUP_DATETIME,VEHICLE_PLATE_NUMBER) values ('P0009','PSF0004',to_date('13/10/2022 14:25:38','DD/MM/RRRR HH24:MI:SS'),'TEV5921');
Insert into ADMIN.DELIVERY_PICKUP (PICKUP_ID,PICKUP_STAFF_ID,PICKUP_DATETIME,VEHICLE_PLATE_NUMBER) values ('P0010','PSF0006',to_date('15/10/2022 10:00:15','DD/MM/RRRR HH24:MI:SS'),'BAH2051');
Insert into ADMIN.DELIVERY_PICKUP (PICKUP_ID,PICKUP_STAFF_ID,PICKUP_DATETIME,VEHICLE_PLATE_NUMBER) values ('P0011','PSF0003',to_date('24/10/2022 10:00:15','DD/MM/RRRR HH24:MI:SS'),'WVA9012');
Insert into ADMIN.DELIVERY_PICKUP (PICKUP_ID,PICKUP_STAFF_ID,PICKUP_DATETIME,VEHICLE_PLATE_NUMBER) values ('P0012','PSF0002',to_date('24/10/2022 10:30:15','DD/MM/RRRR HH24:MI:SS'),'PEA1234');
Insert into ADMIN.DELIVERY_PICKUP (PICKUP_ID,PICKUP_STAFF_ID,PICKUP_DATETIME,VEHICLE_PLATE_NUMBER) values ('P0013','PSF0003',to_date('25/10/2022 13:25:43','DD/MM/RRRR HH24:MI:SS'),'WVA9012');
Insert into ADMIN.DELIVERY_PICKUP (PICKUP_ID,PICKUP_STAFF_ID,PICKUP_DATETIME,VEHICLE_PLATE_NUMBER) values ('P0014','PSF0002',to_date('25/10/2022 13:25:43','DD/MM/RRRR HH24:MI:SS'),'BQJ8291');
Insert into ADMIN.DELIVERY_PICKUP (PICKUP_ID,PICKUP_STAFF_ID,PICKUP_DATETIME,VEHICLE_PLATE_NUMBER) values ('P0015','PSF0005',to_date('26/10/2022 11:42:29','DD/MM/RRRR HH24:MI:SS'),'JPP5925');
Insert into ADMIN.DELIVERY_PICKUP (PICKUP_ID,PICKUP_STAFF_ID,PICKUP_DATETIME,VEHICLE_PLATE_NUMBER) values ('P0016','PSF0004',to_date('27/10/2022 13:55:56','DD/MM/RRRR HH24:MI:SS'),'TEV5921');
Insert into ADMIN.DELIVERY_PICKUP (PICKUP_ID,PICKUP_STAFF_ID,PICKUP_DATETIME,VEHICLE_PLATE_NUMBER) values ('P0017','PSF0001',to_date('27/10/2022 14:28:51','DD/MM/RRRR HH24:MI:SS'),'RAA6888');
REM INSERTING into ADMIN.INVENTORY
SET DEFINE OFF;
Insert into ADMIN.INVENTORY (ITEM_ID,ITEM_NAME,ITEM_QUANTITY) values ('PM0001','Bubble Wrap',500);
Insert into ADMIN.INVENTORY (ITEM_ID,ITEM_NAME,ITEM_QUANTITY) values ('PM0002','Foam Peanuts',500);
Insert into ADMIN.INVENTORY (ITEM_ID,ITEM_NAME,ITEM_QUANTITY) values ('PM0003','Air Bags',200);
Insert into ADMIN.INVENTORY (ITEM_ID,ITEM_NAME,ITEM_QUANTITY) values ('PM0004','Large Box',50);
Insert into ADMIN.INVENTORY (ITEM_ID,ITEM_NAME,ITEM_QUANTITY) values ('PM0005','Medium Box',750);
Insert into ADMIN.INVENTORY (ITEM_ID,ITEM_NAME,ITEM_QUANTITY) values ('PM0006','Small Box',500);
Insert into ADMIN.INVENTORY (ITEM_ID,ITEM_NAME,ITEM_QUANTITY) values ('PM0007','Extra Large Box',20);
Insert into ADMIN.INVENTORY (ITEM_ID,ITEM_NAME,ITEM_QUANTITY) values ('PM0008','Plastic Seal',50);
REM INSERTING into ADMIN.PARCEL
SET DEFINE OFF;
Insert into ADMIN.PARCEL (PARCEL_TRACKING_ID,PARCEL_ITEM,PARCEL_WEIGHT,PARCEL_HEIGHT,PARCEL_WIDTH,PARCEL_LENGTH,PARCEL_STATUS,DELIVERY_INFO_ID,PICKUP_ID) values ('LZD0125','Laptop',1.5,0.3,0.1,0.68,'PICKED-UP','INF0001','P0001');
Insert into ADMIN.PARCEL (PARCEL_TRACKING_ID,PARCEL_ITEM,PARCEL_WEIGHT,PARCEL_HEIGHT,PARCEL_WIDTH,PARCEL_LENGTH,PARCEL_STATUS,DELIVERY_INFO_ID,PICKUP_ID) values ('LZD0126','Apple Watch',0.3,0.3,0.4,0.7,'PICKED-UP','INF0001','P0001');
Insert into ADMIN.PARCEL (PARCEL_TRACKING_ID,PARCEL_ITEM,PARCEL_WEIGHT,PARCEL_HEIGHT,PARCEL_WIDTH,PARCEL_LENGTH,PARCEL_STATUS,DELIVERY_INFO_ID,PICKUP_ID) values ('LZD0127','Chair',15,1.13,0.83,0.8,'PICKED-UP','INF0002','P0001');
Insert into ADMIN.PARCEL (PARCEL_TRACKING_ID,PARCEL_ITEM,PARCEL_WEIGHT,PARCEL_HEIGHT,PARCEL_WIDTH,PARCEL_LENGTH,PARCEL_STATUS,DELIVERY_INFO_ID,PICKUP_ID) values ('SPX0712','Toothbrush',0.3,0.21,0.07,0.2,'DELIVERED','INF0003','P0004');
Insert into ADMIN.PARCEL (PARCEL_TRACKING_ID,PARCEL_ITEM,PARCEL_WEIGHT,PARCEL_HEIGHT,PARCEL_WIDTH,PARCEL_LENGTH,PARCEL_STATUS,DELIVERY_INFO_ID,PICKUP_ID) values ('SPX0713','Instant food',1.4,0.6,0.6,0.6,'UNKNOWN','INF0004','P0004');
Insert into ADMIN.PARCEL (PARCEL_TRACKING_ID,PARCEL_ITEM,PARCEL_WEIGHT,PARCEL_HEIGHT,PARCEL_WIDTH,PARCEL_LENGTH,PARCEL_STATUS,DELIVERY_INFO_ID,PICKUP_ID) values ('SPX0714','Chair',5,2,1.5,2,'PICKED-UP','INF0004','P0004');
Insert into ADMIN.PARCEL (PARCEL_TRACKING_ID,PARCEL_ITEM,PARCEL_WEIGHT,PARCEL_HEIGHT,PARCEL_WIDTH,PARCEL_LENGTH,PARCEL_STATUS,DELIVERY_INFO_ID,PICKUP_ID) values ('SPX0715','Pen',1,1,0.2,0.4,'PICKED-UP','INF0005','P0004');
Insert into ADMIN.PARCEL (PARCEL_TRACKING_ID,PARCEL_ITEM,PARCEL_WEIGHT,PARCEL_HEIGHT,PARCEL_WIDTH,PARCEL_LENGTH,PARCEL_STATUS,DELIVERY_INFO_ID,PICKUP_ID) values ('LZD0200','Bag',2.2,0.3,0.5,0.6,'DELIVERED','INF0006','P0005');
Insert into ADMIN.PARCEL (PARCEL_TRACKING_ID,PARCEL_ITEM,PARCEL_WEIGHT,PARCEL_HEIGHT,PARCEL_WIDTH,PARCEL_LENGTH,PARCEL_STATUS,DELIVERY_INFO_ID,PICKUP_ID) values ('LZD0201','Mask',0.5,0.7,0.5,0.5,'DELIVERED','INF0006','P0005');
Insert into ADMIN.PARCEL (PARCEL_TRACKING_ID,PARCEL_ITEM,PARCEL_WEIGHT,PARCEL_HEIGHT,PARCEL_WIDTH,PARCEL_LENGTH,PARCEL_STATUS,DELIVERY_INFO_ID,PICKUP_ID) values ('LZD0202','Headphones',1,0.5,0.4,0.5,'DELIVERED','INF0006','P0005');
Insert into ADMIN.PARCEL (PARCEL_TRACKING_ID,PARCEL_ITEM,PARCEL_WEIGHT,PARCEL_HEIGHT,PARCEL_WIDTH,PARCEL_LENGTH,PARCEL_STATUS,DELIVERY_INFO_ID,PICKUP_ID) values ('LZD0203','Television',30.4,0.4,0.4,0.5,'DELIVERED','INF0007','P0005');
Insert into ADMIN.PARCEL (PARCEL_TRACKING_ID,PARCEL_ITEM,PARCEL_WEIGHT,PARCEL_HEIGHT,PARCEL_WIDTH,PARCEL_LENGTH,PARCEL_STATUS,DELIVERY_INFO_ID,PICKUP_ID) values ('SPX0721','Shoes',2.1,0.6,0.5,1.6,'PICKED-UP','INF0008','P0007');
Insert into ADMIN.PARCEL (PARCEL_TRACKING_ID,PARCEL_ITEM,PARCEL_WEIGHT,PARCEL_HEIGHT,PARCEL_WIDTH,PARCEL_LENGTH,PARCEL_STATUS,DELIVERY_INFO_ID,PICKUP_ID) values ('SPX0722','Bottle',1.4,1.3,0.5,0.7,'FAILED','INF0009','P0007');
Insert into ADMIN.PARCEL (PARCEL_TRACKING_ID,PARCEL_ITEM,PARCEL_WEIGHT,PARCEL_HEIGHT,PARCEL_WIDTH,PARCEL_LENGTH,PARCEL_STATUS,DELIVERY_INFO_ID,PICKUP_ID) values ('SPX0723','Shirt',2.8,0.4,0.2,0.3,'PICKED-UP','INF0010','P0007');
Insert into ADMIN.PARCEL (PARCEL_TRACKING_ID,PARCEL_ITEM,PARCEL_WEIGHT,PARCEL_HEIGHT,PARCEL_WIDTH,PARCEL_LENGTH,PARCEL_STATUS,DELIVERY_INFO_ID,PICKUP_ID) values ('SPX0724','iPhone XS',0.5,0.8,0.6,0.2,'DELIVERING','INF0011','P0007');
REM INSERTING into ADMIN.PARCEL_DELIVERY_INFO
SET DEFINE OFF;
Insert into ADMIN.PARCEL_DELIVERY_INFO (DELIVERY_INFO_ID,SENDER_ADDRESS_ID,RECIPIENT_ID,RECIPIENT_ADDRESS_ID,CUSTOMER_SERVICE_ID) values ('INF0001','ADD0001','PA1001','ADD1001','C0001');
Insert into ADMIN.PARCEL_DELIVERY_INFO (DELIVERY_INFO_ID,SENDER_ADDRESS_ID,RECIPIENT_ID,RECIPIENT_ADDRESS_ID,CUSTOMER_SERVICE_ID) values ('INF0002','ADD0001','PA1099','ADD1099','C0001');
Insert into ADMIN.PARCEL_DELIVERY_INFO (DELIVERY_INFO_ID,SENDER_ADDRESS_ID,RECIPIENT_ID,RECIPIENT_ADDRESS_ID,CUSTOMER_SERVICE_ID) values ('INF0003','ADD0002','PA1002','ADD1002','C0002');
Insert into ADMIN.PARCEL_DELIVERY_INFO (DELIVERY_INFO_ID,SENDER_ADDRESS_ID,RECIPIENT_ID,RECIPIENT_ADDRESS_ID,CUSTOMER_SERVICE_ID) values ('INF0004','ADD0003','PA1003','ADD1003','C0003');
Insert into ADMIN.PARCEL_DELIVERY_INFO (DELIVERY_INFO_ID,SENDER_ADDRESS_ID,RECIPIENT_ID,RECIPIENT_ADDRESS_ID,CUSTOMER_SERVICE_ID) values ('INF0005','ADD0004','PA1004','ADD1004','C0004');
Insert into ADMIN.PARCEL_DELIVERY_INFO (DELIVERY_INFO_ID,SENDER_ADDRESS_ID,RECIPIENT_ID,RECIPIENT_ADDRESS_ID,CUSTOMER_SERVICE_ID) values ('INF0006','ADD0005','PA1005','ADD1005','C0005');
Insert into ADMIN.PARCEL_DELIVERY_INFO (DELIVERY_INFO_ID,SENDER_ADDRESS_ID,RECIPIENT_ID,RECIPIENT_ADDRESS_ID,CUSTOMER_SERVICE_ID) values ('INF0007','ADD0006','PA1006','ADD1006','C0006');
Insert into ADMIN.PARCEL_DELIVERY_INFO (DELIVERY_INFO_ID,SENDER_ADDRESS_ID,RECIPIENT_ID,RECIPIENT_ADDRESS_ID,CUSTOMER_SERVICE_ID) values ('INF0008','ADD0007','PA1007','ADD1007','C0007');
Insert into ADMIN.PARCEL_DELIVERY_INFO (DELIVERY_INFO_ID,SENDER_ADDRESS_ID,RECIPIENT_ID,RECIPIENT_ADDRESS_ID,CUSTOMER_SERVICE_ID) values ('INF0009','ADD0008','PA1099','ADD1099','C0008');
Insert into ADMIN.PARCEL_DELIVERY_INFO (DELIVERY_INFO_ID,SENDER_ADDRESS_ID,RECIPIENT_ID,RECIPIENT_ADDRESS_ID,CUSTOMER_SERVICE_ID) values ('INF0010','ADD0008','PA1085','ADD1085','C0008');
Insert into ADMIN.PARCEL_DELIVERY_INFO (DELIVERY_INFO_ID,SENDER_ADDRESS_ID,RECIPIENT_ID,RECIPIENT_ADDRESS_ID,CUSTOMER_SERVICE_ID) values ('INF0011','ADD0008','PA1008','ADD1008','C0008');
REM INSERTING into ADMIN.PAYMENT
SET DEFINE OFF;
Insert into ADMIN.PAYMENT (PAYMENT_ID,PAYMENT_METHOD,PAYMENT_AMOUNT,PAYMENT_TRANSACTION_STATUS) values ('PAY0001','CASH',35.7,'SUCCESS');
Insert into ADMIN.PAYMENT (PAYMENT_ID,PAYMENT_METHOD,PAYMENT_AMOUNT,PAYMENT_TRANSACTION_STATUS) values ('PAY0002','CASH',3.9,'SUCCESS');
Insert into ADMIN.PAYMENT (PAYMENT_ID,PAYMENT_METHOD,PAYMENT_AMOUNT,PAYMENT_TRANSACTION_STATUS) values ('PAY0003','CARD',4.5,'FAILED');
Insert into ADMIN.PAYMENT (PAYMENT_ID,PAYMENT_METHOD,PAYMENT_AMOUNT,PAYMENT_TRANSACTION_STATUS) values ('PAY0004','CARD',23.6,'SUCCESS');
Insert into ADMIN.PAYMENT (PAYMENT_ID,PAYMENT_METHOD,PAYMENT_AMOUNT,PAYMENT_TRANSACTION_STATUS) values ('PAY0005','EWALLET',15.5,'SUCCESS');
Insert into ADMIN.PAYMENT (PAYMENT_ID,PAYMENT_METHOD,PAYMENT_AMOUNT,PAYMENT_TRANSACTION_STATUS) values ('PAY0006','CARD',39.4,'SUCCESS');
Insert into ADMIN.PAYMENT (PAYMENT_ID,PAYMENT_METHOD,PAYMENT_AMOUNT,PAYMENT_TRANSACTION_STATUS) values ('PAY0007','EWALLET',7.9,'PENDING');
Insert into ADMIN.PAYMENT (PAYMENT_ID,PAYMENT_METHOD,PAYMENT_AMOUNT,PAYMENT_TRANSACTION_STATUS) values ('PAY0008','ONLINEBANKING',20.3,'FAILED');
Insert into ADMIN.PAYMENT (PAYMENT_ID,PAYMENT_METHOD,PAYMENT_AMOUNT,PAYMENT_TRANSACTION_STATUS) values ('PAY0009','CASH',6.9,'SUCCESS');
Insert into ADMIN.PAYMENT (PAYMENT_ID,PAYMENT_METHOD,PAYMENT_AMOUNT,PAYMENT_TRANSACTION_STATUS) values ('PAY0010','CASH',12.9,'SUCCESS');
Insert into ADMIN.PAYMENT (PAYMENT_ID,PAYMENT_METHOD,PAYMENT_AMOUNT,PAYMENT_TRANSACTION_STATUS) values ('PAY0011','EWALLET',25.8,'SUCCESS');
Insert into ADMIN.PAYMENT (PAYMENT_ID,PAYMENT_METHOD,PAYMENT_AMOUNT,PAYMENT_TRANSACTION_STATUS) values ('PAY0012','CARD',59.7,'SUCCESS');
Insert into ADMIN.PAYMENT (PAYMENT_ID,PAYMENT_METHOD,PAYMENT_AMOUNT,PAYMENT_TRANSACTION_STATUS) values ('PAY0013','CARD',24.3,'SUCCESS');
Insert into ADMIN.PAYMENT (PAYMENT_ID,PAYMENT_METHOD,PAYMENT_AMOUNT,PAYMENT_TRANSACTION_STATUS) values ('PAY0014','EWALLET',19.8,'SUCCESS');
REM INSERTING into ADMIN.PERSON
SET DEFINE OFF;
Insert into ADMIN.PERSON (PERSON_ID,PERSON_NAME,PERSON_PHONE_NO,PERSON_EMAIL) values ('PA0001','Ahmad bin Badrul','016-7459755','abadrul@gmail.com');
Insert into ADMIN.PERSON (PERSON_ID,PERSON_NAME,PERSON_PHONE_NO,PERSON_EMAIL) values ('PA0002','Lim Ju Yen','011-16584684','juyen02@hotmail.com');
Insert into ADMIN.PERSON (PERSON_ID,PERSON_NAME,PERSON_PHONE_NO,PERSON_EMAIL) values ('PA0003','Tharshen Subramaniam','011-98243654','tsub97@yahoo.com');
Insert into ADMIN.PERSON (PERSON_ID,PERSON_NAME,PERSON_PHONE_NO,PERSON_EMAIL) values ('PA0004','Joseph David','017-6511863','jdavemalan@gmail.com');
Insert into ADMIN.PERSON (PERSON_ID,PERSON_NAME,PERSON_PHONE_NO,PERSON_EMAIL) values ('PA0005','Toh Wei Qin','016-9821364','weiqintoh23@gmail.com');
Insert into ADMIN.PERSON (PERSON_ID,PERSON_NAME,PERSON_PHONE_NO,PERSON_EMAIL) values ('PA0006','Adam bin Zafrul','018-32551426','adamzafrulll@gmail.com');
Insert into ADMIN.PERSON (PERSON_ID,PERSON_NAME,PERSON_PHONE_NO,PERSON_EMAIL) values ('PA0007','Siti binti Muhamad','011-17782546','muhamad-siti@yahoo.com');
Insert into ADMIN.PERSON (PERSON_ID,PERSON_NAME,PERSON_PHONE_NO,PERSON_EMAIL) values ('PA0008','Ng Chuan Xin','011-94723843','chuanxinng@gmail.com');
Insert into ADMIN.PERSON (PERSON_ID,PERSON_NAME,PERSON_PHONE_NO,PERSON_EMAIL) values ('PA1001','Ahmad bin Zaid','019-2850124','ahmadzz@gmail.com');
Insert into ADMIN.PERSON (PERSON_ID,PERSON_NAME,PERSON_PHONE_NO,PERSON_EMAIL) values ('PA1002','Nhavin Kumaresan','011-15681294','nhavinkumar@gmail.com');
Insert into ADMIN.PERSON (PERSON_ID,PERSON_NAME,PERSON_PHONE_NO,PERSON_EMAIL) values ('PA1003','Aqila binti Alya','018-6227693','aqilya@yahoo.com');
Insert into ADMIN.PERSON (PERSON_ID,PERSON_NAME,PERSON_PHONE_NO,PERSON_EMAIL) values ('PA1004','Wong Siew Chung','011-86512621','scwongjr02@gmail.com');
Insert into ADMIN.PERSON (PERSON_ID,PERSON_NAME,PERSON_PHONE_NO,PERSON_EMAIL) values ('PA1005','Mohammed Ahmed bin Faiz','015-9360666','chizam@anwar.com');
Insert into ADMIN.PERSON (PERSON_ID,PERSON_NAME,PERSON_PHONE_NO,PERSON_EMAIL) values ('PA1006','Darma Raja Sellan a/l Sathasivam','018-3853319','tseoh@yahoo.com');
Insert into ADMIN.PERSON (PERSON_ID,PERSON_NAME,PERSON_PHONE_NO,PERSON_EMAIL) values ('PA1007','Zheng Nao Yow','016-1459483','julian11@yahoo.com');
Insert into ADMIN.PERSON (PERSON_ID,PERSON_NAME,PERSON_PHONE_NO,PERSON_EMAIL) values ('PA1008','Ma Khoh Bee','015-1470187','jemie.mudukasan@king.com');
Insert into ADMIN.PERSON (PERSON_ID,PERSON_NAME,PERSON_PHONE_NO,PERSON_EMAIL) values ('PA1085','Wan Kuong Mak','014-6671386','linda.ridzwan@jaya.org');
Insert into ADMIN.PERSON (PERSON_ID,PERSON_NAME,PERSON_PHONE_NO,PERSON_EMAIL) values ('PA1099','Yang Wan Nik','013-3591208','rasammah83@mahyuddin.org');
REM INSERTING into ADMIN.PERSON_ADDRESS
SET DEFINE OFF;
Insert into ADMIN.PERSON_ADDRESS (PERSON_ID,ADDRESS_ID) values ('PA0001','ADD0001');
Insert into ADMIN.PERSON_ADDRESS (PERSON_ID,ADDRESS_ID) values ('PA0002','ADD0002');
Insert into ADMIN.PERSON_ADDRESS (PERSON_ID,ADDRESS_ID) values ('PA0003','ADD0003');
Insert into ADMIN.PERSON_ADDRESS (PERSON_ID,ADDRESS_ID) values ('PA0004','ADD0004');
Insert into ADMIN.PERSON_ADDRESS (PERSON_ID,ADDRESS_ID) values ('PA0005','ADD0005');
Insert into ADMIN.PERSON_ADDRESS (PERSON_ID,ADDRESS_ID) values ('PA0006','ADD0006');
Insert into ADMIN.PERSON_ADDRESS (PERSON_ID,ADDRESS_ID) values ('PA0007','ADD0007');
Insert into ADMIN.PERSON_ADDRESS (PERSON_ID,ADDRESS_ID) values ('PA0008','ADD0008');
Insert into ADMIN.PERSON_ADDRESS (PERSON_ID,ADDRESS_ID) values ('PA1001','ADD1001');
Insert into ADMIN.PERSON_ADDRESS (PERSON_ID,ADDRESS_ID) values ('PA1002','ADD1002');
Insert into ADMIN.PERSON_ADDRESS (PERSON_ID,ADDRESS_ID) values ('PA1003','ADD1003');
Insert into ADMIN.PERSON_ADDRESS (PERSON_ID,ADDRESS_ID) values ('PA1004','ADD1004');
Insert into ADMIN.PERSON_ADDRESS (PERSON_ID,ADDRESS_ID) values ('PA1005','ADD1005');
Insert into ADMIN.PERSON_ADDRESS (PERSON_ID,ADDRESS_ID) values ('PA1006','ADD1006');
Insert into ADMIN.PERSON_ADDRESS (PERSON_ID,ADDRESS_ID) values ('PA1007','ADD1007');
Insert into ADMIN.PERSON_ADDRESS (PERSON_ID,ADDRESS_ID) values ('PA1008','ADD1008');
Insert into ADMIN.PERSON_ADDRESS (PERSON_ID,ADDRESS_ID) values ('PA1085','ADD1085');
Insert into ADMIN.PERSON_ADDRESS (PERSON_ID,ADDRESS_ID) values ('PA1099','ADD1099');
REM INSERTING into ADMIN.PICKUP_STAFF
SET DEFINE OFF;
Insert into ADMIN.PICKUP_STAFF (PICKUP_STAFF_ID,PICKUP_STAFF_NAME,PICKUP_COMPANY) values ('PSF0001','Faiz bin Yusof','J&T Express');
Insert into ADMIN.PICKUP_STAFF (PICKUP_STAFF_ID,PICKUP_STAFF_NAME,PICKUP_COMPANY) values ('PSF0002','Amir bin Amar','J&T Express');
Insert into ADMIN.PICKUP_STAFF (PICKUP_STAFF_ID,PICKUP_STAFF_NAME,PICKUP_COMPANY) values ('PSF0003','Ong Kai Yi','DHL Express');
Insert into ADMIN.PICKUP_STAFF (PICKUP_STAFF_ID,PICKUP_STAFF_NAME,PICKUP_COMPANY) values ('PSF0004','Terrence Lawrence','DHL Express');
Insert into ADMIN.PICKUP_STAFF (PICKUP_STAFF_ID,PICKUP_STAFF_NAME,PICKUP_COMPANY) values ('PSF0005','Alif bin Ashraf','Ninja Logistics Pte Ltd');
Insert into ADMIN.PICKUP_STAFF (PICKUP_STAFF_ID,PICKUP_STAFF_NAME,PICKUP_COMPANY) values ('PSF0006','Ooi Jia Ming','DHL Express');
REM INSERTING into ADMIN.POSITION
SET DEFINE OFF;
Insert into ADMIN.POSITION (POSITION_ID,POSITION_NAME,POSITION_DESCRIPTION,BASE_RATE,OVERTIME_RATE) values ('POS01','Storekeeper','Checks the inventory of a franchise',9.5,14.25);
Insert into ADMIN.POSITION (POSITION_ID,POSITION_NAME,POSITION_DESCRIPTION,BASE_RATE,OVERTIME_RATE) values ('POS02','Retail Manager','Manages the operations of a franchise',20,30);
Insert into ADMIN.POSITION (POSITION_ID,POSITION_NAME,POSITION_DESCRIPTION,BASE_RATE,OVERTIME_RATE) values ('POS03','Cashier','Manages the payments of a franchise',9.5,14.25);
Insert into ADMIN.POSITION (POSITION_ID,POSITION_NAME,POSITION_DESCRIPTION,BASE_RATE,OVERTIME_RATE) values ('POS04','Centre Associate','Assists the retail manager',11.5,17.25);
Insert into ADMIN.POSITION (POSITION_ID,POSITION_NAME,POSITION_DESCRIPTION,BASE_RATE,OVERTIME_RATE) values ('POS05','Regional Manager','Manages the franchises of a region',30,45);
Insert into ADMIN.POSITION (POSITION_ID,POSITION_NAME,POSITION_DESCRIPTION,BASE_RATE,OVERTIME_RATE) values ('POS06','Retail Assistant','Manages sales',9.5,14.25);
Insert into ADMIN.POSITION (POSITION_ID,POSITION_NAME,POSITION_DESCRIPTION,BASE_RATE,OVERTIME_RATE) values ('POS07','Retail Management Trainee','Trainee of a retail manager',10,15);
Insert into ADMIN.POSITION (POSITION_ID,POSITION_NAME,POSITION_DESCRIPTION,BASE_RATE,OVERTIME_RATE) values ('POS08','Accounts Assistant','Manages the finances of a franchise',15.5,23.25);
REM INSERTING into ADMIN.RECEIPT
SET DEFINE OFF;
Insert into ADMIN.RECEIPT (RECEIPT_ID,RECEIPT_DATETIME,PAYMENT_ID) values ('REC0001',to_date('22/05/2022 09:05:33','DD/MM/RRRR HH24:MI:SS'),'PAY0001');
Insert into ADMIN.RECEIPT (RECEIPT_ID,RECEIPT_DATETIME,PAYMENT_ID) values ('REC0002',to_date('22/05/2022 13:55:28','DD/MM/RRRR HH24:MI:SS'),'PAY0002');
Insert into ADMIN.RECEIPT (RECEIPT_ID,RECEIPT_DATETIME,PAYMENT_ID) values ('REC0003',to_date('23/05/2022 18:06:58','DD/MM/RRRR HH24:MI:SS'),'PAY0003');
Insert into ADMIN.RECEIPT (RECEIPT_ID,RECEIPT_DATETIME,PAYMENT_ID) values ('REC0004',to_date('24/05/2022 20:18:38','DD/MM/RRRR HH24:MI:SS'),'PAY0004');
Insert into ADMIN.RECEIPT (RECEIPT_ID,RECEIPT_DATETIME,PAYMENT_ID) values ('REC0005',to_date('24/05/2022 10:10:10','DD/MM/RRRR HH24:MI:SS'),'PAY0005');
Insert into ADMIN.RECEIPT (RECEIPT_ID,RECEIPT_DATETIME,PAYMENT_ID) values ('REC0006',to_date('24/05/2022 14:09:08','DD/MM/RRRR HH24:MI:SS'),'PAY0006');
Insert into ADMIN.RECEIPT (RECEIPT_ID,RECEIPT_DATETIME,PAYMENT_ID) values ('REC0007',to_date('25/05/2022 14:18:54','DD/MM/RRRR HH24:MI:SS'),'PAY0007');
Insert into ADMIN.RECEIPT (RECEIPT_ID,RECEIPT_DATETIME,PAYMENT_ID) values ('REC0008',to_date('26/05/2022 09:18:23','DD/MM/RRRR HH24:MI:SS'),'PAY0008');
Insert into ADMIN.RECEIPT (RECEIPT_ID,RECEIPT_DATETIME,PAYMENT_ID) values ('REC0009',to_date('31/07/2022 12:15:31','DD/MM/RRRR HH24:MI:SS'),'PAY0009');
Insert into ADMIN.RECEIPT (RECEIPT_ID,RECEIPT_DATETIME,PAYMENT_ID) values ('REC0010',to_date('31/07/2022 12:18:31','DD/MM/RRRR HH24:MI:SS'),'PAY0010');
Insert into ADMIN.RECEIPT (RECEIPT_ID,RECEIPT_DATETIME,PAYMENT_ID) values ('REC0011',to_date('03/08/2022 14:23:43','DD/MM/RRRR HH24:MI:SS'),'PAY0011');
Insert into ADMIN.RECEIPT (RECEIPT_ID,RECEIPT_DATETIME,PAYMENT_ID) values ('REC0012',to_date('10/08/2022 13:52:25','DD/MM/RRRR HH24:MI:SS'),'PAY0012');
Insert into ADMIN.RECEIPT (RECEIPT_ID,RECEIPT_DATETIME,PAYMENT_ID) values ('REC0013',to_date('21/08/2022 15:51:21','DD/MM/RRRR HH24:MI:SS'),'PAY0013');
Insert into ADMIN.RECEIPT (RECEIPT_ID,RECEIPT_DATETIME,PAYMENT_ID) values ('REC0014',to_date('21/08/2022 16:41:30','DD/MM/RRRR HH24:MI:SS'),'PAY0014');
REM INSERTING into ADMIN.SERVICE
SET DEFINE OFF;
Insert into ADMIN.SERVICE (SERVICE_ID,SERVICE_NAME,SERVICE_DESCRIPTION) values ('SERV01','BUBBLE WRAP','Provide bubble wrap for your items');
Insert into ADMIN.SERVICE (SERVICE_ID,SERVICE_NAME,SERVICE_DESCRIPTION) values ('SERV02','FOAM PEANUTS','Add foam peanuts into your packaging ');
Insert into ADMIN.SERVICE (SERVICE_ID,SERVICE_NAME,SERVICE_DESCRIPTION) values ('SERV03','AIR BAGS','Add air bags into your packaging');
Insert into ADMIN.SERVICE (SERVICE_ID,SERVICE_NAME,SERVICE_DESCRIPTION) values ('SERV04','MAILBOX','Centre manages your mail, courier packages for you');
Insert into ADMIN.SERVICE (SERVICE_ID,SERVICE_NAME,SERVICE_DESCRIPTION) values ('SERV05','PACKAGING','Provides a container/ box for your items to be delivered');
Insert into ADMIN.SERVICE (SERVICE_ID,SERVICE_NAME,SERVICE_DESCRIPTION) values ('SERV06','COURIER','Deliver your items');
Insert into ADMIN.SERVICE (SERVICE_ID,SERVICE_NAME,SERVICE_DESCRIPTION) values ('SERV07','DOCUMENT','Mail your documents');
Insert into ADMIN.SERVICE (SERVICE_ID,SERVICE_NAME,SERVICE_DESCRIPTION) values ('SERV08','SEALING','Seal your packages with additional protection');
REM INSERTING into ADMIN.STAFF
SET DEFINE OFF;
Insert into ADMIN.STAFF (STAFF_ID,STAFF_NAME,STAFF_DOB,STAFF_EMAIL,STAFF_PHONE_NO,STAFF_ADDRESS_ID,POSITION_ID) values ('STF0001','Vishnu Bastianpillai',to_date('05/05/1983 00:00:00','DD/MM/RRRR HH24:MI:SS'),'vishbastian@gmail.com','015-5781763','ADD1015','POS03');
Insert into ADMIN.STAFF (STAFF_ID,STAFF_NAME,STAFF_DOB,STAFF_EMAIL,STAFF_PHONE_NO,STAFF_ADDRESS_ID,POSITION_ID) values ('STF0002','Prashanthini a/l Mahaletchumy',to_date('08/12/1976 00:00:00','DD/MM/RRRR HH24:MI:SS'),'prasmy76@gmail.com','014-2246413','ADD1016','POS03');
Insert into ADMIN.STAFF (STAFF_ID,STAFF_NAME,STAFF_DOB,STAFF_EMAIL,STAFF_PHONE_NO,STAFF_ADDRESS_ID,POSITION_ID) values ('STF0004','Zuri Baharuddin',to_date('07/12/1988 00:00:00','DD/MM/RRRR HH24:MI:SS'),'zuribaha@gmail.com','013-1292340','ADD1018','POS01');
Insert into ADMIN.STAFF (STAFF_ID,STAFF_NAME,STAFF_DOB,STAFF_EMAIL,STAFF_PHONE_NO,STAFF_ADDRESS_ID,POSITION_ID) values ('STF0005','Mohamad Haji Samsur bin Nazmi',to_date('24/03/1970 00:00:00','DD/MM/RRRR HH24:MI:SS'),'hajisamsur@gmail.com','015-3405325','ADD1019','POS03');
Insert into ADMIN.STAFF (STAFF_ID,STAFF_NAME,STAFF_DOB,STAFF_EMAIL,STAFF_PHONE_NO,STAFF_ADDRESS_ID,POSITION_ID) values ('STF0006','Yu Oo Dai',to_date('12/12/1990 00:00:00','DD/MM/RRRR HH24:MI:SS'),'oodai@gmail.com','013-4768060','ADD1020','POS05');
Insert into ADMIN.STAFF (STAFF_ID,STAFF_NAME,STAFF_DOB,STAFF_EMAIL,STAFF_PHONE_NO,STAFF_ADDRESS_ID,POSITION_ID) values ('STF0007','Caemen Thong Ti Rinn',to_date('17/11/1990 00:00:00','DD/MM/RRRR HH24:MI:SS'),'caementhong11@gmail.com','011-20383569','ADD1021','POS04');
Insert into ADMIN.STAFF (STAFF_ID,STAFF_NAME,STAFF_DOB,STAFF_EMAIL,STAFF_PHONE_NO,STAFF_ADDRESS_ID,POSITION_ID) values ('STF0003','Anaika Arivanathan a/l Tanasekharan',to_date('14/08/1980 00:00:00','DD/MM/RRRR HH24:MI:SS'),'anaika088@yahoo.com','015-5715959','ADD1017','POS02');
Insert into ADMIN.STAFF (STAFF_ID,STAFF_NAME,STAFF_DOB,STAFF_EMAIL,STAFF_PHONE_NO,STAFF_ADDRESS_ID,POSITION_ID) values ('STF0008','Nurul Alia Aizat binti Che Tarmizi',to_date('25/10/1989 00:00:00','DD/MM/RRRR HH24:MI:SS'),'alia89@gmail.com','019-7524108','ADD1022','POS06');
REM INSERTING into ADMIN.SUPPLIER
SET DEFINE OFF;
Insert into ADMIN.SUPPLIER (SUPPLIER_ID,SUPPLIER_NAME,SUPPLIER_ADDRESS_ID,SUPPLIER_PIC_ID) values ('SUP0001','ABC Enterprise','ADD1010','PIC0001');
Insert into ADMIN.SUPPLIER (SUPPLIER_ID,SUPPLIER_NAME,SUPPLIER_ADDRESS_ID,SUPPLIER_PIC_ID) values ('SUP0002','XYZ Sdn Bhd','ADD1011','PIC0002');
Insert into ADMIN.SUPPLIER (SUPPLIER_ID,SUPPLIER_NAME,SUPPLIER_ADDRESS_ID,SUPPLIER_PIC_ID) values ('SUP0003','Rainbow Enterprise','ADD1012','PIC0003');
Insert into ADMIN.SUPPLIER (SUPPLIER_ID,SUPPLIER_NAME,SUPPLIER_ADDRESS_ID,SUPPLIER_PIC_ID) values ('SUP0004','Perfect Sdn Bhd','ADD1013','PIC0004');
Insert into ADMIN.SUPPLIER (SUPPLIER_ID,SUPPLIER_NAME,SUPPLIER_ADDRESS_ID,SUPPLIER_PIC_ID) values ('SUP0005','123Solutions Sdn Bhd','ADD1014','PIC0005');
REM INSERTING into ADMIN.SUPPLIER_CONTRACT
SET DEFINE OFF;
Insert into ADMIN.SUPPLIER_CONTRACT (CONTRACT_ID,CONTRACT_DESCRIPTION,CONTRACT_START_DATE,CONTRACT_END_DATE,SUPPLIER_ID) values ('CON001','This type of contract is used to purchase packaging materials, such as boxes, envelopes, and bubble wrap, from a supplier. It may include details about the type and quantity of materials being purchased, as well as the price and delivery terms.',to_date('22/05/2022 00:00:00','DD/MM/RRRR HH24:MI:SS'),to_date('21/05/2024 00:00:00','DD/MM/RRRR HH24:MI:SS'),'SUP0001');
Insert into ADMIN.SUPPLIER_CONTRACT (CONTRACT_ID,CONTRACT_DESCRIPTION,CONTRACT_START_DATE,CONTRACT_END_DATE,SUPPLIER_ID) values ('CON002','This type of contract is used to design and produce custom packaging for a parcel pickup company. It may include details about the design process, materials, and any branding or labeling requirements.',to_date('22/05/2022 00:00:00','DD/MM/RRRR HH24:MI:SS'),to_date('21/10/2024 00:00:00','DD/MM/RRRR HH24:MI:SS'),'SUP0002');
Insert into ADMIN.SUPPLIER_CONTRACT (CONTRACT_ID,CONTRACT_DESCRIPTION,CONTRACT_START_DATE,CONTRACT_END_DATE,SUPPLIER_ID) values ('CON003','This type of contract is used to purchase printed materials, such as labels and inserts, from a supplier. It may include details about the type and quantity of materials being purchased, as well as the price and delivery terms.',to_date('22/05/2022 00:00:00','DD/MM/RRRR HH24:MI:SS'),to_date('21/10/2025 00:00:00','DD/MM/RRRR HH24:MI:SS'),'SUP0002');
Insert into ADMIN.SUPPLIER_CONTRACT (CONTRACT_ID,CONTRACT_DESCRIPTION,CONTRACT_START_DATE,CONTRACT_END_DATE,SUPPLIER_ID) values ('CON004','This type of contract is used to purchase supplies for shipping packages, such as tape, labels, and markers. It may include details about the type and quantity of supplies being purchased, as well as the price and delivery terms.',to_date('24/05/2022 00:00:00','DD/MM/RRRR HH24:MI:SS'),to_date('30/04/2023 00:00:00','DD/MM/RRRR HH24:MI:SS'),'SUP0002');
Insert into ADMIN.SUPPLIER_CONTRACT (CONTRACT_ID,CONTRACT_DESCRIPTION,CONTRACT_START_DATE,CONTRACT_END_DATE,SUPPLIER_ID) values ('CON005','This type of contract is used to rent equipment, such as label printers or conveyor belts, from a supplier. It may include details about the duration of the lease, rental payments, and any rules for the use of the equipment.',to_date('03/06/2022 00:00:00','DD/MM/RRRR HH24:MI:SS'),to_date('30/06/2023 00:00:00','DD/MM/RRRR HH24:MI:SS'),'SUP0003');
Insert into ADMIN.SUPPLIER_CONTRACT (CONTRACT_ID,CONTRACT_DESCRIPTION,CONTRACT_START_DATE,CONTRACT_END_DATE,SUPPLIER_ID) values ('CON006','This type of contract is used to hire a supplier to maintain and repair equipment used by the parcel pickup company. It may include details about the scope of the maintenance services, as well as any warranties or guarantees.',to_date('01/07/2022 00:00:00','DD/MM/RRRR HH24:MI:SS'),to_date('30/06/2023 00:00:00','DD/MM/RRRR HH24:MI:SS'),'SUP0003');
Insert into ADMIN.SUPPLIER_CONTRACT (CONTRACT_ID,CONTRACT_DESCRIPTION,CONTRACT_START_DATE,CONTRACT_END_DATE,SUPPLIER_ID) values ('CON007','This type of contract is used to manage the inventory of packaging and shipping supplies for a parcel pickup company. It may include details about ordering, receiving, and storing materials, as well as any reporting requirements.',to_date('18/06/2022 00:00:00','DD/MM/RRRR HH24:MI:SS'),to_date('30/06/2024 00:00:00','DD/MM/RRRR HH24:MI:SS'),'SUP0004');
Insert into ADMIN.SUPPLIER_CONTRACT (CONTRACT_ID,CONTRACT_DESCRIPTION,CONTRACT_START_DATE,CONTRACT_END_DATE,SUPPLIER_ID) values ('CON008','This type of contract outlines the terms for returning or exchanging defective or damaged packaging materials or equipment. It may include details about the process for returning or exchanging goods, as well as any warranties or guarantees.',to_date('25/06/2022 00:00:00','DD/MM/RRRR HH24:MI:SS'),to_date('01/01/2023 00:00:00','DD/MM/RRRR HH24:MI:SS'),'SUP0005');
REM INSERTING into ADMIN.SUPPLIER_ORDER
SET DEFINE OFF;
Insert into ADMIN.SUPPLIER_ORDER (SUPPLIER_ORDER_ID,ITEM_ID,SUPPLIER_ID,SUPPLIER_ORDER_TOTAL_PRICE,SUPPLIER_ORDER_STATUS,SUPPLIER_ORDER_DATE,SUPPLIER_ORDER_AMOUNT) values ('SO0001','PM0001','SUP0001',259.9,'PENDING',to_date('19/08/2022 00:00:00','DD/MM/RRRR HH24:MI:SS'),100);
Insert into ADMIN.SUPPLIER_ORDER (SUPPLIER_ORDER_ID,ITEM_ID,SUPPLIER_ID,SUPPLIER_ORDER_TOTAL_PRICE,SUPPLIER_ORDER_STATUS,SUPPLIER_ORDER_DATE,SUPPLIER_ORDER_AMOUNT) values ('SO0002','PM0002','SUP0002',390,'SUCCESS',to_date('19/08/2022 00:00:00','DD/MM/RRRR HH24:MI:SS'),100);
Insert into ADMIN.SUPPLIER_ORDER (SUPPLIER_ORDER_ID,ITEM_ID,SUPPLIER_ID,SUPPLIER_ORDER_TOTAL_PRICE,SUPPLIER_ORDER_STATUS,SUPPLIER_ORDER_DATE,SUPPLIER_ORDER_AMOUNT) values ('SO0003','PM0003','SUP0003',350,'SUCCESS',to_date('19/08/2022 00:00:00','DD/MM/RRRR HH24:MI:SS'),50);
Insert into ADMIN.SUPPLIER_ORDER (SUPPLIER_ORDER_ID,ITEM_ID,SUPPLIER_ID,SUPPLIER_ORDER_TOTAL_PRICE,SUPPLIER_ORDER_STATUS,SUPPLIER_ORDER_DATE,SUPPLIER_ORDER_AMOUNT) values ('SO0004','PM0004','SUP0004',109,'SUCCESS',to_date('07/09/2022 00:00:00','DD/MM/RRRR HH24:MI:SS'),50);
Insert into ADMIN.SUPPLIER_ORDER (SUPPLIER_ORDER_ID,ITEM_ID,SUPPLIER_ID,SUPPLIER_ORDER_TOTAL_PRICE,SUPPLIER_ORDER_STATUS,SUPPLIER_ORDER_DATE,SUPPLIER_ORDER_AMOUNT) values ('SO0005','PM0005','SUP0005',150,'SUCCESS',to_date('07/09/2022 00:00:00','DD/MM/RRRR HH24:MI:SS'),300);
Insert into ADMIN.SUPPLIER_ORDER (SUPPLIER_ORDER_ID,ITEM_ID,SUPPLIER_ID,SUPPLIER_ORDER_TOTAL_PRICE,SUPPLIER_ORDER_STATUS,SUPPLIER_ORDER_DATE,SUPPLIER_ORDER_AMOUNT) values ('SO0006','PM0006','SUP0002',129,'SUCCESS',to_date('13/10/2022 00:00:00','DD/MM/RRRR HH24:MI:SS'),300);
Insert into ADMIN.SUPPLIER_ORDER (SUPPLIER_ORDER_ID,ITEM_ID,SUPPLIER_ID,SUPPLIER_ORDER_TOTAL_PRICE,SUPPLIER_ORDER_STATUS,SUPPLIER_ORDER_DATE,SUPPLIER_ORDER_AMOUNT) values ('SO0007','PM0007','SUP0001',49,'FAILED',to_date('14/10/2022 00:00:00','DD/MM/RRRR HH24:MI:SS'),20);
Insert into ADMIN.SUPPLIER_ORDER (SUPPLIER_ORDER_ID,ITEM_ID,SUPPLIER_ID,SUPPLIER_ORDER_TOTAL_PRICE,SUPPLIER_ORDER_STATUS,SUPPLIER_ORDER_DATE,SUPPLIER_ORDER_AMOUNT) values ('SO0008','PM0008','SUP0003',138,'PENDING',to_date('15/10/2022 00:00:00','DD/MM/RRRR HH24:MI:SS'),25);
REM INSERTING into ADMIN.SUPPLIER_PIC
SET DEFINE OFF;
Insert into ADMIN.SUPPLIER_PIC (SUPPLIER_PIC_ID,SUPPLIER_PIC_NAME,SUPPLIER_PIC_PHONE_NO) values ('PIC0001','Ali bin Abu','019-2850124');
Insert into ADMIN.SUPPLIER_PIC (SUPPLIER_PIC_ID,SUPPLIER_PIC_NAME,SUPPLIER_PIC_PHONE_NO) values ('PIC0002','Devi Subramaniam','011-15681294');
Insert into ADMIN.SUPPLIER_PIC (SUPPLIER_PIC_ID,SUPPLIER_PIC_NAME,SUPPLIER_PIC_PHONE_NO) values ('PIC0003','Mohamad Saffrin bin Akasyah ','015-43900181');
Insert into ADMIN.SUPPLIER_PIC (SUPPLIER_PIC_ID,SUPPLIER_PIC_NAME,SUPPLIER_PIC_PHONE_NO) values ('PIC0004','Yeoh Guang Ming','011-86512621');
Insert into ADMIN.SUPPLIER_PIC (SUPPLIER_PIC_ID,SUPPLIER_PIC_NAME,SUPPLIER_PIC_PHONE_NO) values ('PIC0005','Anoop Kumaresan','018-6227693');
REM INSERTING into ADMIN.WORK_TIME
SET DEFINE OFF;
Insert into ADMIN.WORK_TIME (WORK_DATE,STAFF_ID,CHECK_IN_TIME,CHECK_OUT_TIME) values (to_date('16/10/2022 00:00:00','DD/MM/RRRR HH24:MI:SS'),'STF0001','+00 08:03:33.000000','+00 18:15:15.000000');
Insert into ADMIN.WORK_TIME (WORK_DATE,STAFF_ID,CHECK_IN_TIME,CHECK_OUT_TIME) values (to_date('16/10/2022 00:00:00','DD/MM/RRRR HH24:MI:SS'),'STF0002','+00 08:30:12.000000','+00 17:58:23.000000');
Insert into ADMIN.WORK_TIME (WORK_DATE,STAFF_ID,CHECK_IN_TIME,CHECK_OUT_TIME) values (to_date('16/10/2022 00:00:00','DD/MM/RRRR HH24:MI:SS'),'STF0004','+00 08:33:47.000000','+00 17:30:56.000000');
Insert into ADMIN.WORK_TIME (WORK_DATE,STAFF_ID,CHECK_IN_TIME,CHECK_OUT_TIME) values (to_date('17/10/2022 00:00:00','DD/MM/RRRR HH24:MI:SS'),'STF0002','+00 08:25:17.000000','+00 18:23:34.000000');
Insert into ADMIN.WORK_TIME (WORK_DATE,STAFF_ID,CHECK_IN_TIME,CHECK_OUT_TIME) values (to_date('17/10/2022 00:00:00','DD/MM/RRRR HH24:MI:SS'),'STF0003','+00 08:14:13.000000','+00 17:34:28.000000');
Insert into ADMIN.WORK_TIME (WORK_DATE,STAFF_ID,CHECK_IN_TIME,CHECK_OUT_TIME) values (to_date('17/10/2022 00:00:00','DD/MM/RRRR HH24:MI:SS'),'STF0005','+00 08:45:21.000000','+00 20:38:12.000000');
Insert into ADMIN.WORK_TIME (WORK_DATE,STAFF_ID,CHECK_IN_TIME,CHECK_OUT_TIME) values (to_date('18/10/2022 00:00:00','DD/MM/RRRR HH24:MI:SS'),'STF0002','+00 08:01:59.000000','+00 17:15:43.000000');
Insert into ADMIN.WORK_TIME (WORK_DATE,STAFF_ID,CHECK_IN_TIME,CHECK_OUT_TIME) values (to_date('18/10/2022 00:00:00','DD/MM/RRRR HH24:MI:SS'),'STF0005','+00 09:06:56.000000','+00 16:25:12.000000');
Insert into ADMIN.WORK_TIME (WORK_DATE,STAFF_ID,CHECK_IN_TIME,CHECK_OUT_TIME) values (to_date('18/10/2022 00:00:00','DD/MM/RRRR HH24:MI:SS'),'STF0006','+00 10:10:17.000000','+00 20:21:10.000000');
Insert into ADMIN.WORK_TIME (WORK_DATE,STAFF_ID,CHECK_IN_TIME,CHECK_OUT_TIME) values (to_date('19/10/2022 00:00:00','DD/MM/RRRR HH24:MI:SS'),'STF0006','+00 09:15:16.000000','+00 19:12:47.000000');
Insert into ADMIN.WORK_TIME (WORK_DATE,STAFF_ID,CHECK_IN_TIME,CHECK_OUT_TIME) values (to_date('19/10/2022 00:00:00','DD/MM/RRRR HH24:MI:SS'),'STF0007','+00 08:17:52.000000','+00 18:43:52.000000');
--------------------------------------------------------
--  DDL for Index ADDRESS_PK
--------------------------------------------------------

  CREATE UNIQUE INDEX "ADMIN"."ADDRESS_PK" ON "ADMIN"."ADDRESS" ("ADDRESS_ID") 
  PCTFREE 10 INITRANS 2 MAXTRANS 255 COMPUTE STATISTICS 
  STORAGE(INITIAL 65536 NEXT 1048576 MINEXTENTS 1 MAXEXTENTS 2147483645
  PCTINCREASE 0 FREELISTS 1 FREELIST GROUPS 1 BUFFER_POOL DEFAULT FLASH_CACHE DEFAULT CELL_FLASH_CACHE DEFAULT)
  TABLESPACE "USERS" ;
--------------------------------------------------------
--  DDL for Index CONTRACT_PK
--------------------------------------------------------

  CREATE UNIQUE INDEX "ADMIN"."CONTRACT_PK" ON "ADMIN"."SUPPLIER_CONTRACT" ("CONTRACT_ID") 
  PCTFREE 10 INITRANS 2 MAXTRANS 255 COMPUTE STATISTICS 
  STORAGE(INITIAL 65536 NEXT 1048576 MINEXTENTS 1 MAXEXTENTS 2147483645
  PCTINCREASE 0 FREELISTS 1 FREELIST GROUPS 1 BUFFER_POOL DEFAULT FLASH_CACHE DEFAULT CELL_FLASH_CACHE DEFAULT)
  TABLESPACE "USERS" ;
--------------------------------------------------------
--  DDL for Index CUSTOMER_PAYMENT_UQ
--------------------------------------------------------

  CREATE UNIQUE INDEX "ADMIN"."CUSTOMER_PAYMENT_UQ" ON "ADMIN"."CUSTOMER_SERVICE" ("PAYMENT_ID") 
  PCTFREE 10 INITRANS 2 MAXTRANS 255 COMPUTE STATISTICS 
  STORAGE(INITIAL 65536 NEXT 1048576 MINEXTENTS 1 MAXEXTENTS 2147483645
  PCTINCREASE 0 FREELISTS 1 FREELIST GROUPS 1 BUFFER_POOL DEFAULT FLASH_CACHE DEFAULT CELL_FLASH_CACHE DEFAULT)
  TABLESPACE "USERS" ;
--------------------------------------------------------
--  DDL for Index CUSTOMER_SERVICE_PK
--------------------------------------------------------

  CREATE UNIQUE INDEX "ADMIN"."CUSTOMER_SERVICE_PK" ON "ADMIN"."CUSTOMER_SERVICE" ("CUSTOMER_SERVICE_ID") 
  PCTFREE 10 INITRANS 2 MAXTRANS 255 COMPUTE STATISTICS 
  STORAGE(INITIAL 65536 NEXT 1048576 MINEXTENTS 1 MAXEXTENTS 2147483645
  PCTINCREASE 0 FREELISTS 1 FREELIST GROUPS 1 BUFFER_POOL DEFAULT FLASH_CACHE DEFAULT CELL_FLASH_CACHE DEFAULT)
  TABLESPACE "USERS" ;
--------------------------------------------------------
--  DDL for Index DELIVERY_INFO_PK
--------------------------------------------------------

  CREATE UNIQUE INDEX "ADMIN"."DELIVERY_INFO_PK" ON "ADMIN"."PARCEL_DELIVERY_INFO" ("DELIVERY_INFO_ID") 
  PCTFREE 10 INITRANS 2 MAXTRANS 255 COMPUTE STATISTICS 
  STORAGE(INITIAL 65536 NEXT 1048576 MINEXTENTS 1 MAXEXTENTS 2147483645
  PCTINCREASE 0 FREELISTS 1 FREELIST GROUPS 1 BUFFER_POOL DEFAULT FLASH_CACHE DEFAULT CELL_FLASH_CACHE DEFAULT)
  TABLESPACE "USERS" ;
--------------------------------------------------------
--  DDL for Index DELIVERY_PICKUP_PK
--------------------------------------------------------

  CREATE UNIQUE INDEX "ADMIN"."DELIVERY_PICKUP_PK" ON "ADMIN"."DELIVERY_PICKUP" ("PICKUP_ID") 
  PCTFREE 10 INITRANS 2 MAXTRANS 255 COMPUTE STATISTICS 
  STORAGE(INITIAL 65536 NEXT 1048576 MINEXTENTS 1 MAXEXTENTS 2147483645
  PCTINCREASE 0 FREELISTS 1 FREELIST GROUPS 1 BUFFER_POOL DEFAULT FLASH_CACHE DEFAULT CELL_FLASH_CACHE DEFAULT)
  TABLESPACE "USERS" ;
--------------------------------------------------------
--  DDL for Index INVENTORY_PK
--------------------------------------------------------

  CREATE UNIQUE INDEX "ADMIN"."INVENTORY_PK" ON "ADMIN"."INVENTORY" ("ITEM_ID") 
  PCTFREE 10 INITRANS 2 MAXTRANS 255 COMPUTE STATISTICS 
  STORAGE(INITIAL 65536 NEXT 1048576 MINEXTENTS 1 MAXEXTENTS 2147483645
  PCTINCREASE 0 FREELISTS 1 FREELIST GROUPS 1 BUFFER_POOL DEFAULT FLASH_CACHE DEFAULT CELL_FLASH_CACHE DEFAULT)
  TABLESPACE "USERS" ;
--------------------------------------------------------
--  DDL for Index ITEM_NAME_UQ
--------------------------------------------------------

  CREATE UNIQUE INDEX "ADMIN"."ITEM_NAME_UQ" ON "ADMIN"."INVENTORY" ("ITEM_NAME") 
  PCTFREE 10 INITRANS 2 MAXTRANS 255 COMPUTE STATISTICS 
  STORAGE(INITIAL 65536 NEXT 1048576 MINEXTENTS 1 MAXEXTENTS 2147483645
  PCTINCREASE 0 FREELISTS 1 FREELIST GROUPS 1 BUFFER_POOL DEFAULT FLASH_CACHE DEFAULT CELL_FLASH_CACHE DEFAULT)
  TABLESPACE "USERS" ;
--------------------------------------------------------
--  DDL for Index PARCEL_PK
--------------------------------------------------------

  CREATE UNIQUE INDEX "ADMIN"."PARCEL_PK" ON "ADMIN"."PARCEL" ("PARCEL_TRACKING_ID") 
  PCTFREE 10 INITRANS 2 MAXTRANS 255 COMPUTE STATISTICS 
  STORAGE(INITIAL 65536 NEXT 1048576 MINEXTENTS 1 MAXEXTENTS 2147483645
  PCTINCREASE 0 FREELISTS 1 FREELIST GROUPS 1 BUFFER_POOL DEFAULT FLASH_CACHE DEFAULT CELL_FLASH_CACHE DEFAULT)
  TABLESPACE "USERS" ;
--------------------------------------------------------
--  DDL for Index PAYMENT_PK
--------------------------------------------------------

  CREATE UNIQUE INDEX "ADMIN"."PAYMENT_PK" ON "ADMIN"."PAYMENT" ("PAYMENT_ID") 
  PCTFREE 10 INITRANS 2 MAXTRANS 255 COMPUTE STATISTICS 
  STORAGE(INITIAL 65536 NEXT 1048576 MINEXTENTS 1 MAXEXTENTS 2147483645
  PCTINCREASE 0 FREELISTS 1 FREELIST GROUPS 1 BUFFER_POOL DEFAULT FLASH_CACHE DEFAULT CELL_FLASH_CACHE DEFAULT)
  TABLESPACE "USERS" ;
--------------------------------------------------------
--  DDL for Index PAYMENT_UQ
--------------------------------------------------------

  CREATE UNIQUE INDEX "ADMIN"."PAYMENT_UQ" ON "ADMIN"."RECEIPT" ("PAYMENT_ID") 
  PCTFREE 10 INITRANS 2 MAXTRANS 255 COMPUTE STATISTICS 
  STORAGE(INITIAL 65536 NEXT 1048576 MINEXTENTS 1 MAXEXTENTS 2147483645
  PCTINCREASE 0 FREELISTS 1 FREELIST GROUPS 1 BUFFER_POOL DEFAULT FLASH_CACHE DEFAULT CELL_FLASH_CACHE DEFAULT)
  TABLESPACE "USERS" ;
--------------------------------------------------------
--  DDL for Index PERSON_ADDRESS_PK
--------------------------------------------------------

  CREATE UNIQUE INDEX "ADMIN"."PERSON_ADDRESS_PK" ON "ADMIN"."PERSON_ADDRESS" ("PERSON_ID", "ADDRESS_ID") 
  PCTFREE 10 INITRANS 2 MAXTRANS 255 COMPUTE STATISTICS 
  STORAGE(INITIAL 65536 NEXT 1048576 MINEXTENTS 1 MAXEXTENTS 2147483645
  PCTINCREASE 0 FREELISTS 1 FREELIST GROUPS 1 BUFFER_POOL DEFAULT FLASH_CACHE DEFAULT CELL_FLASH_CACHE DEFAULT)
  TABLESPACE "USERS" ;
--------------------------------------------------------
--  DDL for Index PERSON_PK
--------------------------------------------------------

  CREATE UNIQUE INDEX "ADMIN"."PERSON_PK" ON "ADMIN"."PERSON" ("PERSON_ID") 
  PCTFREE 10 INITRANS 2 MAXTRANS 255 COMPUTE STATISTICS 
  STORAGE(INITIAL 65536 NEXT 1048576 MINEXTENTS 1 MAXEXTENTS 2147483645
  PCTINCREASE 0 FREELISTS 1 FREELIST GROUPS 1 BUFFER_POOL DEFAULT FLASH_CACHE DEFAULT CELL_FLASH_CACHE DEFAULT)
  TABLESPACE "USERS" ;
--------------------------------------------------------
--  DDL for Index PICKUP_STAFF_PK
--------------------------------------------------------

  CREATE UNIQUE INDEX "ADMIN"."PICKUP_STAFF_PK" ON "ADMIN"."PICKUP_STAFF" ("PICKUP_STAFF_ID") 
  PCTFREE 10 INITRANS 2 MAXTRANS 255 COMPUTE STATISTICS 
  STORAGE(INITIAL 65536 NEXT 1048576 MINEXTENTS 1 MAXEXTENTS 2147483645
  PCTINCREASE 0 FREELISTS 1 FREELIST GROUPS 1 BUFFER_POOL DEFAULT FLASH_CACHE DEFAULT CELL_FLASH_CACHE DEFAULT)
  TABLESPACE "USERS" ;
--------------------------------------------------------
--  DDL for Index POSITION_NAME_UQ
--------------------------------------------------------

  CREATE UNIQUE INDEX "ADMIN"."POSITION_NAME_UQ" ON "ADMIN"."POSITION" ("POSITION_NAME") 
  PCTFREE 10 INITRANS 2 MAXTRANS 255 COMPUTE STATISTICS 
  STORAGE(INITIAL 65536 NEXT 1048576 MINEXTENTS 1 MAXEXTENTS 2147483645
  PCTINCREASE 0 FREELISTS 1 FREELIST GROUPS 1 BUFFER_POOL DEFAULT FLASH_CACHE DEFAULT CELL_FLASH_CACHE DEFAULT)
  TABLESPACE "USERS" ;
--------------------------------------------------------
--  DDL for Index POSITION_PK
--------------------------------------------------------

  CREATE UNIQUE INDEX "ADMIN"."POSITION_PK" ON "ADMIN"."POSITION" ("POSITION_ID") 
  PCTFREE 10 INITRANS 2 MAXTRANS 255 COMPUTE STATISTICS 
  STORAGE(INITIAL 65536 NEXT 1048576 MINEXTENTS 1 MAXEXTENTS 2147483645
  PCTINCREASE 0 FREELISTS 1 FREELIST GROUPS 1 BUFFER_POOL DEFAULT FLASH_CACHE DEFAULT CELL_FLASH_CACHE DEFAULT)
  TABLESPACE "USERS" ;
--------------------------------------------------------
--  DDL for Index RECEIPT_PK
--------------------------------------------------------

  CREATE UNIQUE INDEX "ADMIN"."RECEIPT_PK" ON "ADMIN"."RECEIPT" ("RECEIPT_ID") 
  PCTFREE 10 INITRANS 2 MAXTRANS 255 COMPUTE STATISTICS 
  STORAGE(INITIAL 65536 NEXT 1048576 MINEXTENTS 1 MAXEXTENTS 2147483645
  PCTINCREASE 0 FREELISTS 1 FREELIST GROUPS 1 BUFFER_POOL DEFAULT FLASH_CACHE DEFAULT CELL_FLASH_CACHE DEFAULT)
  TABLESPACE "USERS" ;
--------------------------------------------------------
--  DDL for Index SERVICE_NAME_UQ
--------------------------------------------------------

  CREATE UNIQUE INDEX "ADMIN"."SERVICE_NAME_UQ" ON "ADMIN"."SERVICE" ("SERVICE_NAME") 
  PCTFREE 10 INITRANS 2 MAXTRANS 255 COMPUTE STATISTICS 
  STORAGE(INITIAL 65536 NEXT 1048576 MINEXTENTS 1 MAXEXTENTS 2147483645
  PCTINCREASE 0 FREELISTS 1 FREELIST GROUPS 1 BUFFER_POOL DEFAULT FLASH_CACHE DEFAULT CELL_FLASH_CACHE DEFAULT)
  TABLESPACE "USERS" ;
--------------------------------------------------------
--  DDL for Index SERVICE_PK
--------------------------------------------------------

  CREATE UNIQUE INDEX "ADMIN"."SERVICE_PK" ON "ADMIN"."SERVICE" ("SERVICE_ID") 
  PCTFREE 10 INITRANS 2 MAXTRANS 255 COMPUTE STATISTICS 
  STORAGE(INITIAL 65536 NEXT 1048576 MINEXTENTS 1 MAXEXTENTS 2147483645
  PCTINCREASE 0 FREELISTS 1 FREELIST GROUPS 1 BUFFER_POOL DEFAULT FLASH_CACHE DEFAULT CELL_FLASH_CACHE DEFAULT)
  TABLESPACE "USERS" ;
--------------------------------------------------------
--  DDL for Index STAFF_ADDRESS_UQ
--------------------------------------------------------

  CREATE UNIQUE INDEX "ADMIN"."STAFF_ADDRESS_UQ" ON "ADMIN"."STAFF" ("STAFF_ADDRESS_ID") 
  PCTFREE 10 INITRANS 2 MAXTRANS 255 COMPUTE STATISTICS 
  STORAGE(INITIAL 65536 NEXT 1048576 MINEXTENTS 1 MAXEXTENTS 2147483645
  PCTINCREASE 0 FREELISTS 1 FREELIST GROUPS 1 BUFFER_POOL DEFAULT FLASH_CACHE DEFAULT CELL_FLASH_CACHE DEFAULT)
  TABLESPACE "USERS" ;
--------------------------------------------------------
--  DDL for Index STAFF_PK
--------------------------------------------------------

  CREATE UNIQUE INDEX "ADMIN"."STAFF_PK" ON "ADMIN"."STAFF" ("STAFF_ID") 
  PCTFREE 10 INITRANS 2 MAXTRANS 255 COMPUTE STATISTICS 
  STORAGE(INITIAL 65536 NEXT 1048576 MINEXTENTS 1 MAXEXTENTS 2147483645
  PCTINCREASE 0 FREELISTS 1 FREELIST GROUPS 1 BUFFER_POOL DEFAULT FLASH_CACHE DEFAULT CELL_FLASH_CACHE DEFAULT)
  TABLESPACE "USERS" ;
--------------------------------------------------------
--  DDL for Index SUPPLIER_ADDRESS_UQ
--------------------------------------------------------

  CREATE UNIQUE INDEX "ADMIN"."SUPPLIER_ADDRESS_UQ" ON "ADMIN"."SUPPLIER" ("SUPPLIER_ADDRESS_ID") 
  PCTFREE 10 INITRANS 2 MAXTRANS 255 COMPUTE STATISTICS 
  STORAGE(INITIAL 65536 NEXT 1048576 MINEXTENTS 1 MAXEXTENTS 2147483645
  PCTINCREASE 0 FREELISTS 1 FREELIST GROUPS 1 BUFFER_POOL DEFAULT FLASH_CACHE DEFAULT CELL_FLASH_CACHE DEFAULT)
  TABLESPACE "USERS" ;
--------------------------------------------------------
--  DDL for Index SUPPLIER_ID_PK
--------------------------------------------------------

  CREATE UNIQUE INDEX "ADMIN"."SUPPLIER_ID_PK" ON "ADMIN"."SUPPLIER" ("SUPPLIER_ID") 
  PCTFREE 10 INITRANS 2 MAXTRANS 255 COMPUTE STATISTICS 
  STORAGE(INITIAL 65536 NEXT 1048576 MINEXTENTS 1 MAXEXTENTS 2147483645
  PCTINCREASE 0 FREELISTS 1 FREELIST GROUPS 1 BUFFER_POOL DEFAULT FLASH_CACHE DEFAULT CELL_FLASH_CACHE DEFAULT)
  TABLESPACE "USERS" ;
--------------------------------------------------------
--  DDL for Index SUPPLIER_NAME_QU
--------------------------------------------------------

  CREATE UNIQUE INDEX "ADMIN"."SUPPLIER_NAME_QU" ON "ADMIN"."SUPPLIER" ("SUPPLIER_NAME") 
  PCTFREE 10 INITRANS 2 MAXTRANS 255 COMPUTE STATISTICS 
  STORAGE(INITIAL 65536 NEXT 1048576 MINEXTENTS 1 MAXEXTENTS 2147483645
  PCTINCREASE 0 FREELISTS 1 FREELIST GROUPS 1 BUFFER_POOL DEFAULT FLASH_CACHE DEFAULT CELL_FLASH_CACHE DEFAULT)
  TABLESPACE "USERS" ;
--------------------------------------------------------
--  DDL for Index SUPPLIER_ORDER_PK
--------------------------------------------------------

  CREATE UNIQUE INDEX "ADMIN"."SUPPLIER_ORDER_PK" ON "ADMIN"."SUPPLIER_ORDER" ("SUPPLIER_ORDER_ID") 
  PCTFREE 10 INITRANS 2 MAXTRANS 255 COMPUTE STATISTICS 
  STORAGE(INITIAL 65536 NEXT 1048576 MINEXTENTS 1 MAXEXTENTS 2147483645
  PCTINCREASE 0 FREELISTS 1 FREELIST GROUPS 1 BUFFER_POOL DEFAULT FLASH_CACHE DEFAULT CELL_FLASH_CACHE DEFAULT)
  TABLESPACE "USERS" ;
--------------------------------------------------------
--  DDL for Index SUPPLIER_PIC_PK
--------------------------------------------------------

  CREATE UNIQUE INDEX "ADMIN"."SUPPLIER_PIC_PK" ON "ADMIN"."SUPPLIER_PIC" ("SUPPLIER_PIC_ID") 
  PCTFREE 10 INITRANS 2 MAXTRANS 255 COMPUTE STATISTICS 
  STORAGE(INITIAL 65536 NEXT 1048576 MINEXTENTS 1 MAXEXTENTS 2147483645
  PCTINCREASE 0 FREELISTS 1 FREELIST GROUPS 1 BUFFER_POOL DEFAULT FLASH_CACHE DEFAULT CELL_FLASH_CACHE DEFAULT)
  TABLESPACE "USERS" ;
--------------------------------------------------------
--  DDL for Index SUPPLIER_PIC_UQ
--------------------------------------------------------

  CREATE UNIQUE INDEX "ADMIN"."SUPPLIER_PIC_UQ" ON "ADMIN"."SUPPLIER" ("SUPPLIER_PIC_ID") 
  PCTFREE 10 INITRANS 2 MAXTRANS 255 COMPUTE STATISTICS 
  STORAGE(INITIAL 65536 NEXT 1048576 MINEXTENTS 1 MAXEXTENTS 2147483645
  PCTINCREASE 0 FREELISTS 1 FREELIST GROUPS 1 BUFFER_POOL DEFAULT FLASH_CACHE DEFAULT CELL_FLASH_CACHE DEFAULT)
  TABLESPACE "USERS" ;
--------------------------------------------------------
--  DDL for Index WORK_PK
--------------------------------------------------------

  CREATE UNIQUE INDEX "ADMIN"."WORK_PK" ON "ADMIN"."WORK_TIME" ("WORK_DATE", "STAFF_ID") 
  PCTFREE 10 INITRANS 2 MAXTRANS 255 COMPUTE STATISTICS 
  STORAGE(INITIAL 65536 NEXT 1048576 MINEXTENTS 1 MAXEXTENTS 2147483645
  PCTINCREASE 0 FREELISTS 1 FREELIST GROUPS 1 BUFFER_POOL DEFAULT FLASH_CACHE DEFAULT CELL_FLASH_CACHE DEFAULT)
  TABLESPACE "USERS" ;
--------------------------------------------------------
--  DDL for Index ADDRESS_PK
--------------------------------------------------------

  CREATE UNIQUE INDEX "ADMIN"."ADDRESS_PK" ON "ADMIN"."ADDRESS" ("ADDRESS_ID") 
  PCTFREE 10 INITRANS 2 MAXTRANS 255 COMPUTE STATISTICS 
  STORAGE(INITIAL 65536 NEXT 1048576 MINEXTENTS 1 MAXEXTENTS 2147483645
  PCTINCREASE 0 FREELISTS 1 FREELIST GROUPS 1 BUFFER_POOL DEFAULT FLASH_CACHE DEFAULT CELL_FLASH_CACHE DEFAULT)
  TABLESPACE "USERS" ;
--------------------------------------------------------
--  DDL for Index CUSTOMER_SERVICE_PK
--------------------------------------------------------

  CREATE UNIQUE INDEX "ADMIN"."CUSTOMER_SERVICE_PK" ON "ADMIN"."CUSTOMER_SERVICE" ("CUSTOMER_SERVICE_ID") 
  PCTFREE 10 INITRANS 2 MAXTRANS 255 COMPUTE STATISTICS 
  STORAGE(INITIAL 65536 NEXT 1048576 MINEXTENTS 1 MAXEXTENTS 2147483645
  PCTINCREASE 0 FREELISTS 1 FREELIST GROUPS 1 BUFFER_POOL DEFAULT FLASH_CACHE DEFAULT CELL_FLASH_CACHE DEFAULT)
  TABLESPACE "USERS" ;
--------------------------------------------------------
--  DDL for Index CUSTOMER_PAYMENT_UQ
--------------------------------------------------------

  CREATE UNIQUE INDEX "ADMIN"."CUSTOMER_PAYMENT_UQ" ON "ADMIN"."CUSTOMER_SERVICE" ("PAYMENT_ID") 
  PCTFREE 10 INITRANS 2 MAXTRANS 255 COMPUTE STATISTICS 
  STORAGE(INITIAL 65536 NEXT 1048576 MINEXTENTS 1 MAXEXTENTS 2147483645
  PCTINCREASE 0 FREELISTS 1 FREELIST GROUPS 1 BUFFER_POOL DEFAULT FLASH_CACHE DEFAULT CELL_FLASH_CACHE DEFAULT)
  TABLESPACE "USERS" ;
--------------------------------------------------------
--  DDL for Index DELIVERY_PICKUP_PK
--------------------------------------------------------

  CREATE UNIQUE INDEX "ADMIN"."DELIVERY_PICKUP_PK" ON "ADMIN"."DELIVERY_PICKUP" ("PICKUP_ID") 
  PCTFREE 10 INITRANS 2 MAXTRANS 255 COMPUTE STATISTICS 
  STORAGE(INITIAL 65536 NEXT 1048576 MINEXTENTS 1 MAXEXTENTS 2147483645
  PCTINCREASE 0 FREELISTS 1 FREELIST GROUPS 1 BUFFER_POOL DEFAULT FLASH_CACHE DEFAULT CELL_FLASH_CACHE DEFAULT)
  TABLESPACE "USERS" ;
--------------------------------------------------------
--  DDL for Index INVENTORY_PK
--------------------------------------------------------

  CREATE UNIQUE INDEX "ADMIN"."INVENTORY_PK" ON "ADMIN"."INVENTORY" ("ITEM_ID") 
  PCTFREE 10 INITRANS 2 MAXTRANS 255 COMPUTE STATISTICS 
  STORAGE(INITIAL 65536 NEXT 1048576 MINEXTENTS 1 MAXEXTENTS 2147483645
  PCTINCREASE 0 FREELISTS 1 FREELIST GROUPS 1 BUFFER_POOL DEFAULT FLASH_CACHE DEFAULT CELL_FLASH_CACHE DEFAULT)
  TABLESPACE "USERS" ;
--------------------------------------------------------
--  DDL for Index ITEM_NAME_UQ
--------------------------------------------------------

  CREATE UNIQUE INDEX "ADMIN"."ITEM_NAME_UQ" ON "ADMIN"."INVENTORY" ("ITEM_NAME") 
  PCTFREE 10 INITRANS 2 MAXTRANS 255 COMPUTE STATISTICS 
  STORAGE(INITIAL 65536 NEXT 1048576 MINEXTENTS 1 MAXEXTENTS 2147483645
  PCTINCREASE 0 FREELISTS 1 FREELIST GROUPS 1 BUFFER_POOL DEFAULT FLASH_CACHE DEFAULT CELL_FLASH_CACHE DEFAULT)
  TABLESPACE "USERS" ;
--------------------------------------------------------
--  DDL for Index PARCEL_PK
--------------------------------------------------------

  CREATE UNIQUE INDEX "ADMIN"."PARCEL_PK" ON "ADMIN"."PARCEL" ("PARCEL_TRACKING_ID") 
  PCTFREE 10 INITRANS 2 MAXTRANS 255 COMPUTE STATISTICS 
  STORAGE(INITIAL 65536 NEXT 1048576 MINEXTENTS 1 MAXEXTENTS 2147483645
  PCTINCREASE 0 FREELISTS 1 FREELIST GROUPS 1 BUFFER_POOL DEFAULT FLASH_CACHE DEFAULT CELL_FLASH_CACHE DEFAULT)
  TABLESPACE "USERS" ;
--------------------------------------------------------
--  DDL for Index DELIVERY_INFO_PK
--------------------------------------------------------

  CREATE UNIQUE INDEX "ADMIN"."DELIVERY_INFO_PK" ON "ADMIN"."PARCEL_DELIVERY_INFO" ("DELIVERY_INFO_ID") 
  PCTFREE 10 INITRANS 2 MAXTRANS 255 COMPUTE STATISTICS 
  STORAGE(INITIAL 65536 NEXT 1048576 MINEXTENTS 1 MAXEXTENTS 2147483645
  PCTINCREASE 0 FREELISTS 1 FREELIST GROUPS 1 BUFFER_POOL DEFAULT FLASH_CACHE DEFAULT CELL_FLASH_CACHE DEFAULT)
  TABLESPACE "USERS" ;
--------------------------------------------------------
--  DDL for Index PAYMENT_PK
--------------------------------------------------------

  CREATE UNIQUE INDEX "ADMIN"."PAYMENT_PK" ON "ADMIN"."PAYMENT" ("PAYMENT_ID") 
  PCTFREE 10 INITRANS 2 MAXTRANS 255 COMPUTE STATISTICS 
  STORAGE(INITIAL 65536 NEXT 1048576 MINEXTENTS 1 MAXEXTENTS 2147483645
  PCTINCREASE 0 FREELISTS 1 FREELIST GROUPS 1 BUFFER_POOL DEFAULT FLASH_CACHE DEFAULT CELL_FLASH_CACHE DEFAULT)
  TABLESPACE "USERS" ;
--------------------------------------------------------
--  DDL for Index PERSON_PK
--------------------------------------------------------

  CREATE UNIQUE INDEX "ADMIN"."PERSON_PK" ON "ADMIN"."PERSON" ("PERSON_ID") 
  PCTFREE 10 INITRANS 2 MAXTRANS 255 COMPUTE STATISTICS 
  STORAGE(INITIAL 65536 NEXT 1048576 MINEXTENTS 1 MAXEXTENTS 2147483645
  PCTINCREASE 0 FREELISTS 1 FREELIST GROUPS 1 BUFFER_POOL DEFAULT FLASH_CACHE DEFAULT CELL_FLASH_CACHE DEFAULT)
  TABLESPACE "USERS" ;
--------------------------------------------------------
--  DDL for Index PERSON_ADDRESS_PK
--------------------------------------------------------

  CREATE UNIQUE INDEX "ADMIN"."PERSON_ADDRESS_PK" ON "ADMIN"."PERSON_ADDRESS" ("PERSON_ID", "ADDRESS_ID") 
  PCTFREE 10 INITRANS 2 MAXTRANS 255 COMPUTE STATISTICS 
  STORAGE(INITIAL 65536 NEXT 1048576 MINEXTENTS 1 MAXEXTENTS 2147483645
  PCTINCREASE 0 FREELISTS 1 FREELIST GROUPS 1 BUFFER_POOL DEFAULT FLASH_CACHE DEFAULT CELL_FLASH_CACHE DEFAULT)
  TABLESPACE "USERS" ;
--------------------------------------------------------
--  DDL for Index PICKUP_STAFF_PK
--------------------------------------------------------

  CREATE UNIQUE INDEX "ADMIN"."PICKUP_STAFF_PK" ON "ADMIN"."PICKUP_STAFF" ("PICKUP_STAFF_ID") 
  PCTFREE 10 INITRANS 2 MAXTRANS 255 COMPUTE STATISTICS 
  STORAGE(INITIAL 65536 NEXT 1048576 MINEXTENTS 1 MAXEXTENTS 2147483645
  PCTINCREASE 0 FREELISTS 1 FREELIST GROUPS 1 BUFFER_POOL DEFAULT FLASH_CACHE DEFAULT CELL_FLASH_CACHE DEFAULT)
  TABLESPACE "USERS" ;
--------------------------------------------------------
--  DDL for Index POSITION_PK
--------------------------------------------------------

  CREATE UNIQUE INDEX "ADMIN"."POSITION_PK" ON "ADMIN"."POSITION" ("POSITION_ID") 
  PCTFREE 10 INITRANS 2 MAXTRANS 255 COMPUTE STATISTICS 
  STORAGE(INITIAL 65536 NEXT 1048576 MINEXTENTS 1 MAXEXTENTS 2147483645
  PCTINCREASE 0 FREELISTS 1 FREELIST GROUPS 1 BUFFER_POOL DEFAULT FLASH_CACHE DEFAULT CELL_FLASH_CACHE DEFAULT)
  TABLESPACE "USERS" ;
--------------------------------------------------------
--  DDL for Index POSITION_NAME_UQ
--------------------------------------------------------

  CREATE UNIQUE INDEX "ADMIN"."POSITION_NAME_UQ" ON "ADMIN"."POSITION" ("POSITION_NAME") 
  PCTFREE 10 INITRANS 2 MAXTRANS 255 COMPUTE STATISTICS 
  STORAGE(INITIAL 65536 NEXT 1048576 MINEXTENTS 1 MAXEXTENTS 2147483645
  PCTINCREASE 0 FREELISTS 1 FREELIST GROUPS 1 BUFFER_POOL DEFAULT FLASH_CACHE DEFAULT CELL_FLASH_CACHE DEFAULT)
  TABLESPACE "USERS" ;
--------------------------------------------------------
--  DDL for Index RECEIPT_PK
--------------------------------------------------------

  CREATE UNIQUE INDEX "ADMIN"."RECEIPT_PK" ON "ADMIN"."RECEIPT" ("RECEIPT_ID") 
  PCTFREE 10 INITRANS 2 MAXTRANS 255 COMPUTE STATISTICS 
  STORAGE(INITIAL 65536 NEXT 1048576 MINEXTENTS 1 MAXEXTENTS 2147483645
  PCTINCREASE 0 FREELISTS 1 FREELIST GROUPS 1 BUFFER_POOL DEFAULT FLASH_CACHE DEFAULT CELL_FLASH_CACHE DEFAULT)
  TABLESPACE "USERS" ;
--------------------------------------------------------
--  DDL for Index PAYMENT_UQ
--------------------------------------------------------

  CREATE UNIQUE INDEX "ADMIN"."PAYMENT_UQ" ON "ADMIN"."RECEIPT" ("PAYMENT_ID") 
  PCTFREE 10 INITRANS 2 MAXTRANS 255 COMPUTE STATISTICS 
  STORAGE(INITIAL 65536 NEXT 1048576 MINEXTENTS 1 MAXEXTENTS 2147483645
  PCTINCREASE 0 FREELISTS 1 FREELIST GROUPS 1 BUFFER_POOL DEFAULT FLASH_CACHE DEFAULT CELL_FLASH_CACHE DEFAULT)
  TABLESPACE "USERS" ;
--------------------------------------------------------
--  DDL for Index SERVICE_PK
--------------------------------------------------------

  CREATE UNIQUE INDEX "ADMIN"."SERVICE_PK" ON "ADMIN"."SERVICE" ("SERVICE_ID") 
  PCTFREE 10 INITRANS 2 MAXTRANS 255 COMPUTE STATISTICS 
  STORAGE(INITIAL 65536 NEXT 1048576 MINEXTENTS 1 MAXEXTENTS 2147483645
  PCTINCREASE 0 FREELISTS 1 FREELIST GROUPS 1 BUFFER_POOL DEFAULT FLASH_CACHE DEFAULT CELL_FLASH_CACHE DEFAULT)
  TABLESPACE "USERS" ;
--------------------------------------------------------
--  DDL for Index SERVICE_NAME_UQ
--------------------------------------------------------

  CREATE UNIQUE INDEX "ADMIN"."SERVICE_NAME_UQ" ON "ADMIN"."SERVICE" ("SERVICE_NAME") 
  PCTFREE 10 INITRANS 2 MAXTRANS 255 COMPUTE STATISTICS 
  STORAGE(INITIAL 65536 NEXT 1048576 MINEXTENTS 1 MAXEXTENTS 2147483645
  PCTINCREASE 0 FREELISTS 1 FREELIST GROUPS 1 BUFFER_POOL DEFAULT FLASH_CACHE DEFAULT CELL_FLASH_CACHE DEFAULT)
  TABLESPACE "USERS" ;
--------------------------------------------------------
--  DDL for Index STAFF_PK
--------------------------------------------------------

  CREATE UNIQUE INDEX "ADMIN"."STAFF_PK" ON "ADMIN"."STAFF" ("STAFF_ID") 
  PCTFREE 10 INITRANS 2 MAXTRANS 255 COMPUTE STATISTICS 
  STORAGE(INITIAL 65536 NEXT 1048576 MINEXTENTS 1 MAXEXTENTS 2147483645
  PCTINCREASE 0 FREELISTS 1 FREELIST GROUPS 1 BUFFER_POOL DEFAULT FLASH_CACHE DEFAULT CELL_FLASH_CACHE DEFAULT)
  TABLESPACE "USERS" ;
--------------------------------------------------------
--  DDL for Index STAFF_ADDRESS_UQ
--------------------------------------------------------

  CREATE UNIQUE INDEX "ADMIN"."STAFF_ADDRESS_UQ" ON "ADMIN"."STAFF" ("STAFF_ADDRESS_ID") 
  PCTFREE 10 INITRANS 2 MAXTRANS 255 COMPUTE STATISTICS 
  STORAGE(INITIAL 65536 NEXT 1048576 MINEXTENTS 1 MAXEXTENTS 2147483645
  PCTINCREASE 0 FREELISTS 1 FREELIST GROUPS 1 BUFFER_POOL DEFAULT FLASH_CACHE DEFAULT CELL_FLASH_CACHE DEFAULT)
  TABLESPACE "USERS" ;
--------------------------------------------------------
--  DDL for Index SUPPLIER_ID_PK
--------------------------------------------------------

  CREATE UNIQUE INDEX "ADMIN"."SUPPLIER_ID_PK" ON "ADMIN"."SUPPLIER" ("SUPPLIER_ID") 
  PCTFREE 10 INITRANS 2 MAXTRANS 255 COMPUTE STATISTICS 
  STORAGE(INITIAL 65536 NEXT 1048576 MINEXTENTS 1 MAXEXTENTS 2147483645
  PCTINCREASE 0 FREELISTS 1 FREELIST GROUPS 1 BUFFER_POOL DEFAULT FLASH_CACHE DEFAULT CELL_FLASH_CACHE DEFAULT)
  TABLESPACE "USERS" ;
--------------------------------------------------------
--  DDL for Index SUPPLIER_ADDRESS_UQ
--------------------------------------------------------

  CREATE UNIQUE INDEX "ADMIN"."SUPPLIER_ADDRESS_UQ" ON "ADMIN"."SUPPLIER" ("SUPPLIER_ADDRESS_ID") 
  PCTFREE 10 INITRANS 2 MAXTRANS 255 COMPUTE STATISTICS 
  STORAGE(INITIAL 65536 NEXT 1048576 MINEXTENTS 1 MAXEXTENTS 2147483645
  PCTINCREASE 0 FREELISTS 1 FREELIST GROUPS 1 BUFFER_POOL DEFAULT FLASH_CACHE DEFAULT CELL_FLASH_CACHE DEFAULT)
  TABLESPACE "USERS" ;
--------------------------------------------------------
--  DDL for Index SUPPLIER_PIC_UQ
--------------------------------------------------------

  CREATE UNIQUE INDEX "ADMIN"."SUPPLIER_PIC_UQ" ON "ADMIN"."SUPPLIER" ("SUPPLIER_PIC_ID") 
  PCTFREE 10 INITRANS 2 MAXTRANS 255 COMPUTE STATISTICS 
  STORAGE(INITIAL 65536 NEXT 1048576 MINEXTENTS 1 MAXEXTENTS 2147483645
  PCTINCREASE 0 FREELISTS 1 FREELIST GROUPS 1 BUFFER_POOL DEFAULT FLASH_CACHE DEFAULT CELL_FLASH_CACHE DEFAULT)
  TABLESPACE "USERS" ;
--------------------------------------------------------
--  DDL for Index SUPPLIER_NAME_QU
--------------------------------------------------------

  CREATE UNIQUE INDEX "ADMIN"."SUPPLIER_NAME_QU" ON "ADMIN"."SUPPLIER" ("SUPPLIER_NAME") 
  PCTFREE 10 INITRANS 2 MAXTRANS 255 COMPUTE STATISTICS 
  STORAGE(INITIAL 65536 NEXT 1048576 MINEXTENTS 1 MAXEXTENTS 2147483645
  PCTINCREASE 0 FREELISTS 1 FREELIST GROUPS 1 BUFFER_POOL DEFAULT FLASH_CACHE DEFAULT CELL_FLASH_CACHE DEFAULT)
  TABLESPACE "USERS" ;
--------------------------------------------------------
--  DDL for Index CONTRACT_PK
--------------------------------------------------------

  CREATE UNIQUE INDEX "ADMIN"."CONTRACT_PK" ON "ADMIN"."SUPPLIER_CONTRACT" ("CONTRACT_ID") 
  PCTFREE 10 INITRANS 2 MAXTRANS 255 COMPUTE STATISTICS 
  STORAGE(INITIAL 65536 NEXT 1048576 MINEXTENTS 1 MAXEXTENTS 2147483645
  PCTINCREASE 0 FREELISTS 1 FREELIST GROUPS 1 BUFFER_POOL DEFAULT FLASH_CACHE DEFAULT CELL_FLASH_CACHE DEFAULT)
  TABLESPACE "USERS" ;
--------------------------------------------------------
--  DDL for Index SUPPLIER_ORDER_PK
--------------------------------------------------------

  CREATE UNIQUE INDEX "ADMIN"."SUPPLIER_ORDER_PK" ON "ADMIN"."SUPPLIER_ORDER" ("SUPPLIER_ORDER_ID") 
  PCTFREE 10 INITRANS 2 MAXTRANS 255 COMPUTE STATISTICS 
  STORAGE(INITIAL 65536 NEXT 1048576 MINEXTENTS 1 MAXEXTENTS 2147483645
  PCTINCREASE 0 FREELISTS 1 FREELIST GROUPS 1 BUFFER_POOL DEFAULT FLASH_CACHE DEFAULT CELL_FLASH_CACHE DEFAULT)
  TABLESPACE "USERS" ;
--------------------------------------------------------
--  DDL for Index SUPPLIER_PIC_PK
--------------------------------------------------------

  CREATE UNIQUE INDEX "ADMIN"."SUPPLIER_PIC_PK" ON "ADMIN"."SUPPLIER_PIC" ("SUPPLIER_PIC_ID") 
  PCTFREE 10 INITRANS 2 MAXTRANS 255 COMPUTE STATISTICS 
  STORAGE(INITIAL 65536 NEXT 1048576 MINEXTENTS 1 MAXEXTENTS 2147483645
  PCTINCREASE 0 FREELISTS 1 FREELIST GROUPS 1 BUFFER_POOL DEFAULT FLASH_CACHE DEFAULT CELL_FLASH_CACHE DEFAULT)
  TABLESPACE "USERS" ;
--------------------------------------------------------
--  DDL for Index WORK_PK
--------------------------------------------------------

  CREATE UNIQUE INDEX "ADMIN"."WORK_PK" ON "ADMIN"."WORK_TIME" ("WORK_DATE", "STAFF_ID") 
  PCTFREE 10 INITRANS 2 MAXTRANS 255 COMPUTE STATISTICS 
  STORAGE(INITIAL 65536 NEXT 1048576 MINEXTENTS 1 MAXEXTENTS 2147483645
  PCTINCREASE 0 FREELISTS 1 FREELIST GROUPS 1 BUFFER_POOL DEFAULT FLASH_CACHE DEFAULT CELL_FLASH_CACHE DEFAULT)
  TABLESPACE "USERS" ;
--------------------------------------------------------
--  DDL for Function CUSTOM_AUTH
--------------------------------------------------------

  CREATE OR REPLACE FUNCTION "ADMIN"."CUSTOM_AUTH" (p_username in VARCHAR2, p_password in VARCHAR2)
return BOOLEAN
is
  l_password varchar2(4000);
  l_stored_password varchar2(4000);
  l_expires_on date;
  l_count number;
begin
-- First, check to see if the user is in the user table
select count(*) into l_count from demo_users where user_name = p_username;
if l_count > 0 then
  -- First, we fetch the stored hashed password & expire date
  select password, expires_on into l_stored_password, l_expires_on
   from demo_users where user_name = p_username;

  -- Next, we check to see if the user's account is expired
  -- If it is, return FALSE
  if l_expires_on > sysdate or l_expires_on is null then

    -- If the account is not expired, we have to apply the custom hash
    -- function to the password
    l_password := custom_hash(p_username, p_password);

    -- Finally, we compare them to see if they are the same and return
    -- either TRUE or FALSE
    if l_password = l_stored_password then
      return true;
    else
      return false;
    end if;
  else
    return false;
  end if;
else
  -- The username provided is not in the DEMO_USERS table
  return false;
end if;
end;

/
--------------------------------------------------------
--  DDL for Function CUSTOM_HASH
--------------------------------------------------------

  CREATE OR REPLACE FUNCTION "ADMIN"."CUSTOM_HASH" (p_username in varchar2, p_password in varchar2)
return varchar2
is
  l_password varchar2(4000);
  l_salt varchar2(4000) := 'X054DZHT3YOTOU8TOENR5KNOCQ42L6';
begin

-- This function should be wrapped, as the hash algorhythm is exposed here.
-- You can change the value of l_salt or the method of which to call the
-- DBMS_OBFUSCATOIN toolkit, but you much reset all of your passwords
-- if you choose to do this.

l_password := utl_raw.cast_to_raw(dbms_obfuscation_toolkit.md5
  (input_string => p_password || substr(l_salt,10,13) || p_username ||
    substr(l_salt, 4,10)));
return l_password;
end;

/
--------------------------------------------------------
--  Constraints for Table ADDRESS
--------------------------------------------------------

  ALTER TABLE "ADMIN"."ADDRESS" ADD CONSTRAINT "ADDRESS_PK" PRIMARY KEY ("ADDRESS_ID")
  USING INDEX PCTFREE 10 INITRANS 2 MAXTRANS 255 COMPUTE STATISTICS 
  STORAGE(INITIAL 65536 NEXT 1048576 MINEXTENTS 1 MAXEXTENTS 2147483645
  PCTINCREASE 0 FREELISTS 1 FREELIST GROUPS 1 BUFFER_POOL DEFAULT FLASH_CACHE DEFAULT CELL_FLASH_CACHE DEFAULT)
  TABLESPACE "USERS"  ENABLE;
  ALTER TABLE "ADMIN"."ADDRESS" MODIFY ("POSTAL_CODE" NOT NULL ENABLE);
  ALTER TABLE "ADMIN"."ADDRESS" MODIFY ("state" NOT NULL ENABLE);
  ALTER TABLE "ADMIN"."ADDRESS" MODIFY ("CITY" NOT NULL ENABLE);
  ALTER TABLE "ADMIN"."ADDRESS" MODIFY ("ADDRESS_LINE" NOT NULL ENABLE);
  ALTER TABLE "ADMIN"."ADDRESS" MODIFY ("ADDRESS_ID" NOT NULL ENABLE);
--------------------------------------------------------
--  Constraints for Table CUSTOMER_SERVICE
--------------------------------------------------------

  ALTER TABLE "ADMIN"."CUSTOMER_SERVICE" ADD CONSTRAINT "CUSTOMER_PAYMENT_UQ" UNIQUE ("PAYMENT_ID")
  USING INDEX PCTFREE 10 INITRANS 2 MAXTRANS 255 COMPUTE STATISTICS 
  STORAGE(INITIAL 65536 NEXT 1048576 MINEXTENTS 1 MAXEXTENTS 2147483645
  PCTINCREASE 0 FREELISTS 1 FREELIST GROUPS 1 BUFFER_POOL DEFAULT FLASH_CACHE DEFAULT CELL_FLASH_CACHE DEFAULT)
  TABLESPACE "USERS"  ENABLE;
  ALTER TABLE "ADMIN"."CUSTOMER_SERVICE" ADD CONSTRAINT "CUSTOMER_SERVICE_PK" PRIMARY KEY ("CUSTOMER_SERVICE_ID")
  USING INDEX PCTFREE 10 INITRANS 2 MAXTRANS 255 COMPUTE STATISTICS 
  STORAGE(INITIAL 65536 NEXT 1048576 MINEXTENTS 1 MAXEXTENTS 2147483645
  PCTINCREASE 0 FREELISTS 1 FREELIST GROUPS 1 BUFFER_POOL DEFAULT FLASH_CACHE DEFAULT CELL_FLASH_CACHE DEFAULT)
  TABLESPACE "USERS"  ENABLE;
  ALTER TABLE "ADMIN"."CUSTOMER_SERVICE" MODIFY ("CUSTOMER_SERVICE_DATETIME" NOT NULL ENABLE);
  ALTER TABLE "ADMIN"."CUSTOMER_SERVICE" MODIFY ("STAFF_ID" NOT NULL ENABLE);
  ALTER TABLE "ADMIN"."CUSTOMER_SERVICE" MODIFY ("PAYMENT_ID" NOT NULL ENABLE);
  ALTER TABLE "ADMIN"."CUSTOMER_SERVICE" MODIFY ("CUSTOMER_ID" NOT NULL ENABLE);
  ALTER TABLE "ADMIN"."CUSTOMER_SERVICE" MODIFY ("SERVICE_ID" NOT NULL ENABLE);
  ALTER TABLE "ADMIN"."CUSTOMER_SERVICE" MODIFY ("CUSTOMER_SERVICE_ID" NOT NULL ENABLE);
--------------------------------------------------------
--  Constraints for Table DELIVERY_PICKUP
--------------------------------------------------------

  ALTER TABLE "ADMIN"."DELIVERY_PICKUP" ADD CONSTRAINT "DELIVERY_PICKUP_PK" PRIMARY KEY ("PICKUP_ID")
  USING INDEX PCTFREE 10 INITRANS 2 MAXTRANS 255 COMPUTE STATISTICS 
  STORAGE(INITIAL 65536 NEXT 1048576 MINEXTENTS 1 MAXEXTENTS 2147483645
  PCTINCREASE 0 FREELISTS 1 FREELIST GROUPS 1 BUFFER_POOL DEFAULT FLASH_CACHE DEFAULT CELL_FLASH_CACHE DEFAULT)
  TABLESPACE "USERS"  ENABLE;
  ALTER TABLE "ADMIN"."DELIVERY_PICKUP" MODIFY ("VEHICLE_PLATE_NUMBER" NOT NULL ENABLE);
  ALTER TABLE "ADMIN"."DELIVERY_PICKUP" MODIFY ("PICKUP_DATETIME" NOT NULL ENABLE);
  ALTER TABLE "ADMIN"."DELIVERY_PICKUP" MODIFY ("PICKUP_STAFF_ID" NOT NULL ENABLE);
  ALTER TABLE "ADMIN"."DELIVERY_PICKUP" MODIFY ("PICKUP_ID" NOT NULL ENABLE);
--------------------------------------------------------
--  Constraints for Table INVENTORY
--------------------------------------------------------

  ALTER TABLE "ADMIN"."INVENTORY" ADD CONSTRAINT "ITEM_NAME_UQ" UNIQUE ("ITEM_NAME")
  USING INDEX PCTFREE 10 INITRANS 2 MAXTRANS 255 COMPUTE STATISTICS 
  STORAGE(INITIAL 65536 NEXT 1048576 MINEXTENTS 1 MAXEXTENTS 2147483645
  PCTINCREASE 0 FREELISTS 1 FREELIST GROUPS 1 BUFFER_POOL DEFAULT FLASH_CACHE DEFAULT CELL_FLASH_CACHE DEFAULT)
  TABLESPACE "USERS"  ENABLE;
  ALTER TABLE "ADMIN"."INVENTORY" ADD CONSTRAINT "INVENTORY_QUANTITY_CHECK" CHECK (item_quantity > 0) ENABLE;
  ALTER TABLE "ADMIN"."INVENTORY" ADD CONSTRAINT "INVENTORY_PK" PRIMARY KEY ("ITEM_ID")
  USING INDEX PCTFREE 10 INITRANS 2 MAXTRANS 255 COMPUTE STATISTICS 
  STORAGE(INITIAL 65536 NEXT 1048576 MINEXTENTS 1 MAXEXTENTS 2147483645
  PCTINCREASE 0 FREELISTS 1 FREELIST GROUPS 1 BUFFER_POOL DEFAULT FLASH_CACHE DEFAULT CELL_FLASH_CACHE DEFAULT)
  TABLESPACE "USERS"  ENABLE;
  ALTER TABLE "ADMIN"."INVENTORY" MODIFY ("ITEM_QUANTITY" NOT NULL ENABLE);
  ALTER TABLE "ADMIN"."INVENTORY" MODIFY ("ITEM_NAME" NOT NULL ENABLE);
  ALTER TABLE "ADMIN"."INVENTORY" MODIFY ("ITEM_ID" NOT NULL ENABLE);
--------------------------------------------------------
--  Constraints for Table PARCEL
--------------------------------------------------------

  ALTER TABLE "ADMIN"."PARCEL" ADD CONSTRAINT "PARCEL_LENGTH_CHECK" CHECK (parcel_length > 0) ENABLE;
  ALTER TABLE "ADMIN"."PARCEL" ADD CONSTRAINT "PARCEL_WIDTH_CHECK" CHECK (parcel_width > 0) ENABLE;
  ALTER TABLE "ADMIN"."PARCEL" ADD CONSTRAINT "PARCEL_HEIGHT_CHECK" CHECK (parcel_height > 0) ENABLE;
  ALTER TABLE "ADMIN"."PARCEL" ADD CONSTRAINT "PARCEL_WEIGHT_CHECK" CHECK (parcel_weight > 0) ENABLE;
  ALTER TABLE "ADMIN"."PARCEL" ADD CONSTRAINT "PARCEL_PK" PRIMARY KEY ("PARCEL_TRACKING_ID")
  USING INDEX PCTFREE 10 INITRANS 2 MAXTRANS 255 COMPUTE STATISTICS 
  STORAGE(INITIAL 65536 NEXT 1048576 MINEXTENTS 1 MAXEXTENTS 2147483645
  PCTINCREASE 0 FREELISTS 1 FREELIST GROUPS 1 BUFFER_POOL DEFAULT FLASH_CACHE DEFAULT CELL_FLASH_CACHE DEFAULT)
  TABLESPACE "USERS"  ENABLE;
  ALTER TABLE "ADMIN"."PARCEL" MODIFY ("DELIVERY_INFO_ID" NOT NULL ENABLE);
  ALTER TABLE "ADMIN"."PARCEL" MODIFY ("PARCEL_STATUS" NOT NULL ENABLE);
  ALTER TABLE "ADMIN"."PARCEL" MODIFY ("PARCEL_LENGTH" NOT NULL ENABLE);
  ALTER TABLE "ADMIN"."PARCEL" MODIFY ("PARCEL_WIDTH" NOT NULL ENABLE);
  ALTER TABLE "ADMIN"."PARCEL" MODIFY ("PARCEL_HEIGHT" NOT NULL ENABLE);
  ALTER TABLE "ADMIN"."PARCEL" MODIFY ("PARCEL_WEIGHT" NOT NULL ENABLE);
  ALTER TABLE "ADMIN"."PARCEL" MODIFY ("PARCEL_ITEM" NOT NULL ENABLE);
  ALTER TABLE "ADMIN"."PARCEL" MODIFY ("PARCEL_TRACKING_ID" NOT NULL ENABLE);
--------------------------------------------------------
--  Constraints for Table PARCEL_DELIVERY_INFO
--------------------------------------------------------

  ALTER TABLE "ADMIN"."PARCEL_DELIVERY_INFO" ADD CONSTRAINT "DELIVERY_INFO_PK" PRIMARY KEY ("DELIVERY_INFO_ID")
  USING INDEX PCTFREE 10 INITRANS 2 MAXTRANS 255 COMPUTE STATISTICS 
  STORAGE(INITIAL 65536 NEXT 1048576 MINEXTENTS 1 MAXEXTENTS 2147483645
  PCTINCREASE 0 FREELISTS 1 FREELIST GROUPS 1 BUFFER_POOL DEFAULT FLASH_CACHE DEFAULT CELL_FLASH_CACHE DEFAULT)
  TABLESPACE "USERS"  ENABLE;
  ALTER TABLE "ADMIN"."PARCEL_DELIVERY_INFO" MODIFY ("CUSTOMER_SERVICE_ID" NOT NULL ENABLE);
  ALTER TABLE "ADMIN"."PARCEL_DELIVERY_INFO" MODIFY ("RECIPIENT_ADDRESS_ID" NOT NULL ENABLE);
  ALTER TABLE "ADMIN"."PARCEL_DELIVERY_INFO" MODIFY ("RECIPIENT_ID" NOT NULL ENABLE);
  ALTER TABLE "ADMIN"."PARCEL_DELIVERY_INFO" MODIFY ("SENDER_ADDRESS_ID" NOT NULL ENABLE);
  ALTER TABLE "ADMIN"."PARCEL_DELIVERY_INFO" MODIFY ("DELIVERY_INFO_ID" NOT NULL ENABLE);
--------------------------------------------------------
--  Constraints for Table PAYMENT
--------------------------------------------------------

  ALTER TABLE "ADMIN"."PAYMENT" ADD CONSTRAINT "PAYMENT_AMOUNT_CHECK" CHECK (payment_amount > 0) ENABLE;
  ALTER TABLE "ADMIN"."PAYMENT" ADD CONSTRAINT "PAYMENT_PK" PRIMARY KEY ("PAYMENT_ID")
  USING INDEX PCTFREE 10 INITRANS 2 MAXTRANS 255 COMPUTE STATISTICS 
  STORAGE(INITIAL 65536 NEXT 1048576 MINEXTENTS 1 MAXEXTENTS 2147483645
  PCTINCREASE 0 FREELISTS 1 FREELIST GROUPS 1 BUFFER_POOL DEFAULT FLASH_CACHE DEFAULT CELL_FLASH_CACHE DEFAULT)
  TABLESPACE "USERS"  ENABLE;
  ALTER TABLE "ADMIN"."PAYMENT" MODIFY ("PAYMENT_TRANSACTION_STATUS" NOT NULL ENABLE);
  ALTER TABLE "ADMIN"."PAYMENT" MODIFY ("PAYMENT_AMOUNT" NOT NULL ENABLE);
  ALTER TABLE "ADMIN"."PAYMENT" MODIFY ("PAYMENT_METHOD" NOT NULL ENABLE);
  ALTER TABLE "ADMIN"."PAYMENT" MODIFY ("PAYMENT_ID" NOT NULL ENABLE);
--------------------------------------------------------
--  Constraints for Table PERSON
--------------------------------------------------------

  ALTER TABLE "ADMIN"."PERSON" ADD CONSTRAINT "PERSON_PK" PRIMARY KEY ("PERSON_ID")
  USING INDEX PCTFREE 10 INITRANS 2 MAXTRANS 255 COMPUTE STATISTICS 
  STORAGE(INITIAL 65536 NEXT 1048576 MINEXTENTS 1 MAXEXTENTS 2147483645
  PCTINCREASE 0 FREELISTS 1 FREELIST GROUPS 1 BUFFER_POOL DEFAULT FLASH_CACHE DEFAULT CELL_FLASH_CACHE DEFAULT)
  TABLESPACE "USERS"  ENABLE;
  ALTER TABLE "ADMIN"."PERSON" MODIFY ("PERSON_PHONE_NO" NOT NULL ENABLE);
  ALTER TABLE "ADMIN"."PERSON" MODIFY ("PERSON_NAME" NOT NULL ENABLE);
  ALTER TABLE "ADMIN"."PERSON" MODIFY ("PERSON_ID" NOT NULL ENABLE);
--------------------------------------------------------
--  Constraints for Table PERSON_ADDRESS
--------------------------------------------------------

  ALTER TABLE "ADMIN"."PERSON_ADDRESS" ADD CONSTRAINT "PERSON_ADDRESS_PK" PRIMARY KEY ("PERSON_ID", "ADDRESS_ID")
  USING INDEX PCTFREE 10 INITRANS 2 MAXTRANS 255 COMPUTE STATISTICS 
  STORAGE(INITIAL 65536 NEXT 1048576 MINEXTENTS 1 MAXEXTENTS 2147483645
  PCTINCREASE 0 FREELISTS 1 FREELIST GROUPS 1 BUFFER_POOL DEFAULT FLASH_CACHE DEFAULT CELL_FLASH_CACHE DEFAULT)
  TABLESPACE "USERS"  ENABLE;
  ALTER TABLE "ADMIN"."PERSON_ADDRESS" MODIFY ("ADDRESS_ID" NOT NULL ENABLE);
  ALTER TABLE "ADMIN"."PERSON_ADDRESS" MODIFY ("PERSON_ID" NOT NULL ENABLE);
--------------------------------------------------------
--  Constraints for Table PICKUP_STAFF
--------------------------------------------------------

  ALTER TABLE "ADMIN"."PICKUP_STAFF" ADD CONSTRAINT "PICKUP_STAFF_PK" PRIMARY KEY ("PICKUP_STAFF_ID")
  USING INDEX PCTFREE 10 INITRANS 2 MAXTRANS 255 COMPUTE STATISTICS 
  STORAGE(INITIAL 65536 NEXT 1048576 MINEXTENTS 1 MAXEXTENTS 2147483645
  PCTINCREASE 0 FREELISTS 1 FREELIST GROUPS 1 BUFFER_POOL DEFAULT FLASH_CACHE DEFAULT CELL_FLASH_CACHE DEFAULT)
  TABLESPACE "USERS"  ENABLE;
  ALTER TABLE "ADMIN"."PICKUP_STAFF" MODIFY ("PICKUP_COMPANY" NOT NULL ENABLE);
  ALTER TABLE "ADMIN"."PICKUP_STAFF" MODIFY ("PICKUP_STAFF_NAME" NOT NULL ENABLE);
  ALTER TABLE "ADMIN"."PICKUP_STAFF" MODIFY ("PICKUP_STAFF_ID" NOT NULL ENABLE);
--------------------------------------------------------
--  Constraints for Table POSITION
--------------------------------------------------------

  ALTER TABLE "ADMIN"."POSITION" ADD CONSTRAINT "OVERTIME_RATE_CHECK" CHECK (overtime_rate > 0) ENABLE;
  ALTER TABLE "ADMIN"."POSITION" ADD CONSTRAINT "BASE_RATE_CHECK" CHECK (base_rate > 0) ENABLE;
  ALTER TABLE "ADMIN"."POSITION" ADD CONSTRAINT "POSITION_NAME_UQ" UNIQUE ("POSITION_NAME")
  USING INDEX PCTFREE 10 INITRANS 2 MAXTRANS 255 COMPUTE STATISTICS 
  STORAGE(INITIAL 65536 NEXT 1048576 MINEXTENTS 1 MAXEXTENTS 2147483645
  PCTINCREASE 0 FREELISTS 1 FREELIST GROUPS 1 BUFFER_POOL DEFAULT FLASH_CACHE DEFAULT CELL_FLASH_CACHE DEFAULT)
  TABLESPACE "USERS"  ENABLE;
  ALTER TABLE "ADMIN"."POSITION" ADD CONSTRAINT "POSITION_PK" PRIMARY KEY ("POSITION_ID")
  USING INDEX PCTFREE 10 INITRANS 2 MAXTRANS 255 COMPUTE STATISTICS 
  STORAGE(INITIAL 65536 NEXT 1048576 MINEXTENTS 1 MAXEXTENTS 2147483645
  PCTINCREASE 0 FREELISTS 1 FREELIST GROUPS 1 BUFFER_POOL DEFAULT FLASH_CACHE DEFAULT CELL_FLASH_CACHE DEFAULT)
  TABLESPACE "USERS"  ENABLE;
  ALTER TABLE "ADMIN"."POSITION" MODIFY ("OVERTIME_RATE" NOT NULL ENABLE);
  ALTER TABLE "ADMIN"."POSITION" MODIFY ("BASE_RATE" NOT NULL ENABLE);
  ALTER TABLE "ADMIN"."POSITION" MODIFY ("POSITION_DESCRIPTION" NOT NULL ENABLE);
  ALTER TABLE "ADMIN"."POSITION" MODIFY ("POSITION_NAME" NOT NULL ENABLE);
  ALTER TABLE "ADMIN"."POSITION" MODIFY ("POSITION_ID" NOT NULL ENABLE);
--------------------------------------------------------
--  Constraints for Table RECEIPT
--------------------------------------------------------

  ALTER TABLE "ADMIN"."RECEIPT" ADD CONSTRAINT "PAYMENT_UQ" UNIQUE ("PAYMENT_ID")
  USING INDEX PCTFREE 10 INITRANS 2 MAXTRANS 255 COMPUTE STATISTICS 
  STORAGE(INITIAL 65536 NEXT 1048576 MINEXTENTS 1 MAXEXTENTS 2147483645
  PCTINCREASE 0 FREELISTS 1 FREELIST GROUPS 1 BUFFER_POOL DEFAULT FLASH_CACHE DEFAULT CELL_FLASH_CACHE DEFAULT)
  TABLESPACE "USERS"  ENABLE;
  ALTER TABLE "ADMIN"."RECEIPT" ADD CONSTRAINT "RECEIPT_PK" PRIMARY KEY ("RECEIPT_ID")
  USING INDEX PCTFREE 10 INITRANS 2 MAXTRANS 255 COMPUTE STATISTICS 
  STORAGE(INITIAL 65536 NEXT 1048576 MINEXTENTS 1 MAXEXTENTS 2147483645
  PCTINCREASE 0 FREELISTS 1 FREELIST GROUPS 1 BUFFER_POOL DEFAULT FLASH_CACHE DEFAULT CELL_FLASH_CACHE DEFAULT)
  TABLESPACE "USERS"  ENABLE;
  ALTER TABLE "ADMIN"."RECEIPT" MODIFY ("PAYMENT_ID" NOT NULL ENABLE);
  ALTER TABLE "ADMIN"."RECEIPT" MODIFY ("RECEIPT_DATETIME" NOT NULL ENABLE);
  ALTER TABLE "ADMIN"."RECEIPT" MODIFY ("RECEIPT_ID" NOT NULL ENABLE);
--------------------------------------------------------
--  Constraints for Table SERVICE
--------------------------------------------------------

  ALTER TABLE "ADMIN"."SERVICE" ADD CONSTRAINT "SERVICE_NAME_UQ" UNIQUE ("SERVICE_NAME")
  USING INDEX PCTFREE 10 INITRANS 2 MAXTRANS 255 COMPUTE STATISTICS 
  STORAGE(INITIAL 65536 NEXT 1048576 MINEXTENTS 1 MAXEXTENTS 2147483645
  PCTINCREASE 0 FREELISTS 1 FREELIST GROUPS 1 BUFFER_POOL DEFAULT FLASH_CACHE DEFAULT CELL_FLASH_CACHE DEFAULT)
  TABLESPACE "USERS"  ENABLE;
  ALTER TABLE "ADMIN"."SERVICE" ADD CONSTRAINT "SERVICE_PK" PRIMARY KEY ("SERVICE_ID")
  USING INDEX PCTFREE 10 INITRANS 2 MAXTRANS 255 COMPUTE STATISTICS 
  STORAGE(INITIAL 65536 NEXT 1048576 MINEXTENTS 1 MAXEXTENTS 2147483645
  PCTINCREASE 0 FREELISTS 1 FREELIST GROUPS 1 BUFFER_POOL DEFAULT FLASH_CACHE DEFAULT CELL_FLASH_CACHE DEFAULT)
  TABLESPACE "USERS"  ENABLE;
  ALTER TABLE "ADMIN"."SERVICE" MODIFY ("SERVICE_DESCRIPTION" NOT NULL ENABLE);
  ALTER TABLE "ADMIN"."SERVICE" MODIFY ("SERVICE_NAME" NOT NULL ENABLE);
  ALTER TABLE "ADMIN"."SERVICE" MODIFY ("SERVICE_ID" NOT NULL ENABLE);
--------------------------------------------------------
--  Constraints for Table STAFF
--------------------------------------------------------

  ALTER TABLE "ADMIN"."STAFF" ADD CONSTRAINT "STAFF_ADDRESS_UQ" UNIQUE ("STAFF_ADDRESS_ID")
  USING INDEX PCTFREE 10 INITRANS 2 MAXTRANS 255 COMPUTE STATISTICS 
  STORAGE(INITIAL 65536 NEXT 1048576 MINEXTENTS 1 MAXEXTENTS 2147483645
  PCTINCREASE 0 FREELISTS 1 FREELIST GROUPS 1 BUFFER_POOL DEFAULT FLASH_CACHE DEFAULT CELL_FLASH_CACHE DEFAULT)
  TABLESPACE "USERS"  ENABLE;
  ALTER TABLE "ADMIN"."STAFF" ADD CONSTRAINT "STAFF_PK" PRIMARY KEY ("STAFF_ID")
  USING INDEX PCTFREE 10 INITRANS 2 MAXTRANS 255 COMPUTE STATISTICS 
  STORAGE(INITIAL 65536 NEXT 1048576 MINEXTENTS 1 MAXEXTENTS 2147483645
  PCTINCREASE 0 FREELISTS 1 FREELIST GROUPS 1 BUFFER_POOL DEFAULT FLASH_CACHE DEFAULT CELL_FLASH_CACHE DEFAULT)
  TABLESPACE "USERS"  ENABLE;
  ALTER TABLE "ADMIN"."STAFF" MODIFY ("POSITION_ID" NOT NULL ENABLE);
  ALTER TABLE "ADMIN"."STAFF" MODIFY ("STAFF_ADDRESS_ID" NOT NULL ENABLE);
  ALTER TABLE "ADMIN"."STAFF" MODIFY ("STAFF_PHONE_NO" NOT NULL ENABLE);
  ALTER TABLE "ADMIN"."STAFF" MODIFY ("STAFF_EMAIL" NOT NULL ENABLE);
  ALTER TABLE "ADMIN"."STAFF" MODIFY ("STAFF_DOB" NOT NULL ENABLE);
  ALTER TABLE "ADMIN"."STAFF" MODIFY ("STAFF_NAME" NOT NULL ENABLE);
  ALTER TABLE "ADMIN"."STAFF" MODIFY ("STAFF_ID" NOT NULL ENABLE);
--------------------------------------------------------
--  Constraints for Table SUPPLIER
--------------------------------------------------------

  ALTER TABLE "ADMIN"."SUPPLIER" ADD CONSTRAINT "SUPPLIER_NAME_QU" UNIQUE ("SUPPLIER_NAME")
  USING INDEX PCTFREE 10 INITRANS 2 MAXTRANS 255 COMPUTE STATISTICS 
  STORAGE(INITIAL 65536 NEXT 1048576 MINEXTENTS 1 MAXEXTENTS 2147483645
  PCTINCREASE 0 FREELISTS 1 FREELIST GROUPS 1 BUFFER_POOL DEFAULT FLASH_CACHE DEFAULT CELL_FLASH_CACHE DEFAULT)
  TABLESPACE "USERS"  ENABLE;
  ALTER TABLE "ADMIN"."SUPPLIER" ADD CONSTRAINT "SUPPLIER_PIC_UQ" UNIQUE ("SUPPLIER_PIC_ID")
  USING INDEX PCTFREE 10 INITRANS 2 MAXTRANS 255 COMPUTE STATISTICS 
  STORAGE(INITIAL 65536 NEXT 1048576 MINEXTENTS 1 MAXEXTENTS 2147483645
  PCTINCREASE 0 FREELISTS 1 FREELIST GROUPS 1 BUFFER_POOL DEFAULT FLASH_CACHE DEFAULT CELL_FLASH_CACHE DEFAULT)
  TABLESPACE "USERS"  ENABLE;
  ALTER TABLE "ADMIN"."SUPPLIER" ADD CONSTRAINT "SUPPLIER_ADDRESS_UQ" UNIQUE ("SUPPLIER_ADDRESS_ID")
  USING INDEX PCTFREE 10 INITRANS 2 MAXTRANS 255 COMPUTE STATISTICS 
  STORAGE(INITIAL 65536 NEXT 1048576 MINEXTENTS 1 MAXEXTENTS 2147483645
  PCTINCREASE 0 FREELISTS 1 FREELIST GROUPS 1 BUFFER_POOL DEFAULT FLASH_CACHE DEFAULT CELL_FLASH_CACHE DEFAULT)
  TABLESPACE "USERS"  ENABLE;
  ALTER TABLE "ADMIN"."SUPPLIER" ADD CONSTRAINT "SUPPLIER_ID_PK" PRIMARY KEY ("SUPPLIER_ID")
  USING INDEX PCTFREE 10 INITRANS 2 MAXTRANS 255 COMPUTE STATISTICS 
  STORAGE(INITIAL 65536 NEXT 1048576 MINEXTENTS 1 MAXEXTENTS 2147483645
  PCTINCREASE 0 FREELISTS 1 FREELIST GROUPS 1 BUFFER_POOL DEFAULT FLASH_CACHE DEFAULT CELL_FLASH_CACHE DEFAULT)
  TABLESPACE "USERS"  ENABLE;
  ALTER TABLE "ADMIN"."SUPPLIER" MODIFY ("SUPPLIER_PIC_ID" NOT NULL ENABLE);
  ALTER TABLE "ADMIN"."SUPPLIER" MODIFY ("SUPPLIER_ADDRESS_ID" NOT NULL ENABLE);
  ALTER TABLE "ADMIN"."SUPPLIER" MODIFY ("SUPPLIER_NAME" NOT NULL ENABLE);
  ALTER TABLE "ADMIN"."SUPPLIER" MODIFY ("SUPPLIER_ID" NOT NULL ENABLE);
--------------------------------------------------------
--  Constraints for Table SUPPLIER_CONTRACT
--------------------------------------------------------

  ALTER TABLE "ADMIN"."SUPPLIER_CONTRACT" ADD CONSTRAINT "CONTRACT_PK" PRIMARY KEY ("CONTRACT_ID")
  USING INDEX PCTFREE 10 INITRANS 2 MAXTRANS 255 COMPUTE STATISTICS 
  STORAGE(INITIAL 65536 NEXT 1048576 MINEXTENTS 1 MAXEXTENTS 2147483645
  PCTINCREASE 0 FREELISTS 1 FREELIST GROUPS 1 BUFFER_POOL DEFAULT FLASH_CACHE DEFAULT CELL_FLASH_CACHE DEFAULT)
  TABLESPACE "USERS"  ENABLE;
  ALTER TABLE "ADMIN"."SUPPLIER_CONTRACT" MODIFY ("SUPPLIER_ID" NOT NULL ENABLE);
  ALTER TABLE "ADMIN"."SUPPLIER_CONTRACT" MODIFY ("CONTRACT_END_DATE" NOT NULL ENABLE);
  ALTER TABLE "ADMIN"."SUPPLIER_CONTRACT" MODIFY ("CONTRACT_START_DATE" NOT NULL ENABLE);
  ALTER TABLE "ADMIN"."SUPPLIER_CONTRACT" MODIFY ("CONTRACT_DESCRIPTION" NOT NULL ENABLE);
  ALTER TABLE "ADMIN"."SUPPLIER_CONTRACT" MODIFY ("CONTRACT_ID" NOT NULL ENABLE);
--------------------------------------------------------
--  Constraints for Table SUPPLIER_ORDER
--------------------------------------------------------

  ALTER TABLE "ADMIN"."SUPPLIER_ORDER" ADD CONSTRAINT "SUPPLIER_ORDER_AMOUNT_CHECK" CHECK (supplier_order_amount > 0) ENABLE;
  ALTER TABLE "ADMIN"."SUPPLIER_ORDER" ADD CONSTRAINT "SUPPLIER_ORDER_PK" PRIMARY KEY ("SUPPLIER_ORDER_ID")
  USING INDEX PCTFREE 10 INITRANS 2 MAXTRANS 255 COMPUTE STATISTICS 
  STORAGE(INITIAL 65536 NEXT 1048576 MINEXTENTS 1 MAXEXTENTS 2147483645
  PCTINCREASE 0 FREELISTS 1 FREELIST GROUPS 1 BUFFER_POOL DEFAULT FLASH_CACHE DEFAULT CELL_FLASH_CACHE DEFAULT)
  TABLESPACE "USERS"  ENABLE;
  ALTER TABLE "ADMIN"."SUPPLIER_ORDER" MODIFY ("SUPPLIER_ORDER_AMOUNT" NOT NULL ENABLE);
  ALTER TABLE "ADMIN"."SUPPLIER_ORDER" MODIFY ("SUPPLIER_ORDER_DATE" NOT NULL ENABLE);
  ALTER TABLE "ADMIN"."SUPPLIER_ORDER" MODIFY ("SUPPLIER_ORDER_STATUS" NOT NULL ENABLE);
  ALTER TABLE "ADMIN"."SUPPLIER_ORDER" MODIFY ("SUPPLIER_ORDER_TOTAL_PRICE" NOT NULL ENABLE);
  ALTER TABLE "ADMIN"."SUPPLIER_ORDER" MODIFY ("SUPPLIER_ID" NOT NULL ENABLE);
  ALTER TABLE "ADMIN"."SUPPLIER_ORDER" MODIFY ("ITEM_ID" NOT NULL ENABLE);
  ALTER TABLE "ADMIN"."SUPPLIER_ORDER" MODIFY ("SUPPLIER_ORDER_ID" NOT NULL ENABLE);
--------------------------------------------------------
--  Constraints for Table SUPPLIER_PIC
--------------------------------------------------------

  ALTER TABLE "ADMIN"."SUPPLIER_PIC" ADD CONSTRAINT "SUPPLIER_PIC_PK" PRIMARY KEY ("SUPPLIER_PIC_ID")
  USING INDEX PCTFREE 10 INITRANS 2 MAXTRANS 255 COMPUTE STATISTICS 
  STORAGE(INITIAL 65536 NEXT 1048576 MINEXTENTS 1 MAXEXTENTS 2147483645
  PCTINCREASE 0 FREELISTS 1 FREELIST GROUPS 1 BUFFER_POOL DEFAULT FLASH_CACHE DEFAULT CELL_FLASH_CACHE DEFAULT)
  TABLESPACE "USERS"  ENABLE;
  ALTER TABLE "ADMIN"."SUPPLIER_PIC" MODIFY ("SUPPLIER_PIC_PHONE_NO" NOT NULL ENABLE);
  ALTER TABLE "ADMIN"."SUPPLIER_PIC" MODIFY ("SUPPLIER_PIC_NAME" NOT NULL ENABLE);
  ALTER TABLE "ADMIN"."SUPPLIER_PIC" MODIFY ("SUPPLIER_PIC_ID" NOT NULL ENABLE);
--------------------------------------------------------
--  Constraints for Table WORK_TIME
--------------------------------------------------------

  ALTER TABLE "ADMIN"."WORK_TIME" ADD CONSTRAINT "WORK_PK" PRIMARY KEY ("WORK_DATE", "STAFF_ID")
  USING INDEX PCTFREE 10 INITRANS 2 MAXTRANS 255 COMPUTE STATISTICS 
  STORAGE(INITIAL 65536 NEXT 1048576 MINEXTENTS 1 MAXEXTENTS 2147483645
  PCTINCREASE 0 FREELISTS 1 FREELIST GROUPS 1 BUFFER_POOL DEFAULT FLASH_CACHE DEFAULT CELL_FLASH_CACHE DEFAULT)
  TABLESPACE "USERS"  ENABLE;
  ALTER TABLE "ADMIN"."WORK_TIME" MODIFY ("CHECK_OUT_TIME" NOT NULL ENABLE);
  ALTER TABLE "ADMIN"."WORK_TIME" MODIFY ("CHECK_IN_TIME" NOT NULL ENABLE);
  ALTER TABLE "ADMIN"."WORK_TIME" MODIFY ("STAFF_ID" NOT NULL ENABLE);
  ALTER TABLE "ADMIN"."WORK_TIME" MODIFY ("WORK_DATE" NOT NULL ENABLE);
--------------------------------------------------------
--  Ref Constraints for Table CUSTOMER_SERVICE
--------------------------------------------------------

  ALTER TABLE "ADMIN"."CUSTOMER_SERVICE" ADD CONSTRAINT "CUSTOMER_PAYMENT_FK" FOREIGN KEY ("PAYMENT_ID")
	  REFERENCES "ADMIN"."PAYMENT" ("PAYMENT_ID") ENABLE;
  ALTER TABLE "ADMIN"."CUSTOMER_SERVICE" ADD CONSTRAINT "CUSTOMER_PERSON_FK" FOREIGN KEY ("CUSTOMER_ID")
	  REFERENCES "ADMIN"."PERSON" ("PERSON_ID") ENABLE;
  ALTER TABLE "ADMIN"."CUSTOMER_SERVICE" ADD CONSTRAINT "CUSTOMER_SERVICE_FK" FOREIGN KEY ("SERVICE_ID")
	  REFERENCES "ADMIN"."SERVICE" ("SERVICE_ID") ENABLE;
  ALTER TABLE "ADMIN"."CUSTOMER_SERVICE" ADD CONSTRAINT "CUSTOMER_STAFF_FK" FOREIGN KEY ("STAFF_ID")
	  REFERENCES "ADMIN"."STAFF" ("STAFF_ID") ENABLE;
--------------------------------------------------------
--  Ref Constraints for Table DELIVERY_PICKUP
--------------------------------------------------------

  ALTER TABLE "ADMIN"."DELIVERY_PICKUP" ADD CONSTRAINT "DELIVERY_PICKUP_STAFF_FK" FOREIGN KEY ("PICKUP_STAFF_ID")
	  REFERENCES "ADMIN"."PICKUP_STAFF" ("PICKUP_STAFF_ID") ENABLE;
--------------------------------------------------------
--  Ref Constraints for Table PARCEL
--------------------------------------------------------

  ALTER TABLE "ADMIN"."PARCEL" ADD CONSTRAINT "PARCEL_DELIVERY_INFO_FK" FOREIGN KEY ("DELIVERY_INFO_ID")
	  REFERENCES "ADMIN"."PARCEL_DELIVERY_INFO" ("DELIVERY_INFO_ID") ENABLE;
  ALTER TABLE "ADMIN"."PARCEL" ADD CONSTRAINT "PARCEL_PICKUP_FK" FOREIGN KEY ("PICKUP_ID")
	  REFERENCES "ADMIN"."DELIVERY_PICKUP" ("PICKUP_ID") ENABLE;
--------------------------------------------------------
--  Ref Constraints for Table PARCEL_DELIVERY_INFO
--------------------------------------------------------

  ALTER TABLE "ADMIN"."PARCEL_DELIVERY_INFO" ADD CONSTRAINT "DELIVERY_INFO_CUSTOMER_FK" FOREIGN KEY ("CUSTOMER_SERVICE_ID")
	  REFERENCES "ADMIN"."CUSTOMER_SERVICE" ("CUSTOMER_SERVICE_ID") ENABLE;
  ALTER TABLE "ADMIN"."PARCEL_DELIVERY_INFO" ADD CONSTRAINT "DELIVERY_INFO_PERSON_FK" FOREIGN KEY ("RECIPIENT_ID")
	  REFERENCES "ADMIN"."PERSON" ("PERSON_ID") ENABLE;
  ALTER TABLE "ADMIN"."PARCEL_DELIVERY_INFO" ADD CONSTRAINT "DELIVERY_INFO_RECIPIENT_FK" FOREIGN KEY ("RECIPIENT_ADDRESS_ID")
	  REFERENCES "ADMIN"."ADDRESS" ("ADDRESS_ID") ENABLE;
  ALTER TABLE "ADMIN"."PARCEL_DELIVERY_INFO" ADD CONSTRAINT "DELIVERY_INFO_SENDER_FK" FOREIGN KEY ("SENDER_ADDRESS_ID")
	  REFERENCES "ADMIN"."ADDRESS" ("ADDRESS_ID") ENABLE;
--------------------------------------------------------
--  Ref Constraints for Table PERSON_ADDRESS
--------------------------------------------------------

  ALTER TABLE "ADMIN"."PERSON_ADDRESS" ADD CONSTRAINT "ADDRESS_FK" FOREIGN KEY ("ADDRESS_ID")
	  REFERENCES "ADMIN"."ADDRESS" ("ADDRESS_ID") ENABLE;
  ALTER TABLE "ADMIN"."PERSON_ADDRESS" ADD CONSTRAINT "PERSON_FK" FOREIGN KEY ("PERSON_ID")
	  REFERENCES "ADMIN"."PERSON" ("PERSON_ID") ENABLE;
--------------------------------------------------------
--  Ref Constraints for Table RECEIPT
--------------------------------------------------------

  ALTER TABLE "ADMIN"."RECEIPT" ADD CONSTRAINT "RECEIPT_PAYMENT_FK" FOREIGN KEY ("PAYMENT_ID")
	  REFERENCES "ADMIN"."PAYMENT" ("PAYMENT_ID") ENABLE;
--------------------------------------------------------
--  Ref Constraints for Table STAFF
--------------------------------------------------------

  ALTER TABLE "ADMIN"."STAFF" ADD CONSTRAINT "STAFF_ADDRESS_FK" FOREIGN KEY ("STAFF_ADDRESS_ID")
	  REFERENCES "ADMIN"."ADDRESS" ("ADDRESS_ID") ENABLE;
  ALTER TABLE "ADMIN"."STAFF" ADD CONSTRAINT "STAFF_POSITION_FK" FOREIGN KEY ("POSITION_ID")
	  REFERENCES "ADMIN"."POSITION" ("POSITION_ID") ENABLE;
--------------------------------------------------------
--  Ref Constraints for Table SUPPLIER
--------------------------------------------------------

  ALTER TABLE "ADMIN"."SUPPLIER" ADD CONSTRAINT "SUPPLIER_ADDRESS_FK" FOREIGN KEY ("SUPPLIER_ADDRESS_ID")
	  REFERENCES "ADMIN"."ADDRESS" ("ADDRESS_ID") ENABLE;
  ALTER TABLE "ADMIN"."SUPPLIER" ADD CONSTRAINT "SUPPLIER_PIC_FK" FOREIGN KEY ("SUPPLIER_PIC_ID")
	  REFERENCES "ADMIN"."SUPPLIER_PIC" ("SUPPLIER_PIC_ID") ENABLE;
--------------------------------------------------------
--  Ref Constraints for Table SUPPLIER_CONTRACT
--------------------------------------------------------

  ALTER TABLE "ADMIN"."SUPPLIER_CONTRACT" ADD CONSTRAINT "CONTRACT_SUPPLIER_FK" FOREIGN KEY ("SUPPLIER_ID")
	  REFERENCES "ADMIN"."SUPPLIER" ("SUPPLIER_ID") ENABLE;
--------------------------------------------------------
--  Ref Constraints for Table SUPPLIER_ORDER
--------------------------------------------------------

  ALTER TABLE "ADMIN"."SUPPLIER_ORDER" ADD CONSTRAINT "ORDER_ITEM_FK" FOREIGN KEY ("ITEM_ID")
	  REFERENCES "ADMIN"."INVENTORY" ("ITEM_ID") ENABLE;
  ALTER TABLE "ADMIN"."SUPPLIER_ORDER" ADD CONSTRAINT "ORDER_SUPPLIER_FK" FOREIGN KEY ("SUPPLIER_ID")
	  REFERENCES "ADMIN"."SUPPLIER" ("SUPPLIER_ID") ENABLE;
--------------------------------------------------------
--  Ref Constraints for Table WORK_TIME
--------------------------------------------------------

  ALTER TABLE "ADMIN"."WORK_TIME" ADD CONSTRAINT "WORK_STAFF_FK" FOREIGN KEY ("STAFF_ID")
	  REFERENCES "ADMIN"."STAFF" ("STAFF_ID") ENABLE;
